time,side,reason,sl_dist
2025-01-01 23:20:00+00:00,SELL,MIN_STOP,1.2205882282256653
2025-01-02 00:15:00+00:00,BUY,MIN_STOP,1.2205882282256653
2025-01-02 01:05:00+00:00,SELL,MIN_STOP,1.3616930008409305
2025-01-02 01:10:00+00:00,BUY,MIN_STOP,1.5229833507988886
2025-01-02 02:50:00+00:00,SELL,MIN_STOP,1.801366373894287
2025-01-02 04:55:00+00:00,BUY,MIN_STOP,1.2934526840404859
2025-01-02 06:05:00+00:00,SELL,MIN_STOP,1.3143254933460786
2025-01-02 06:35:00+00:00,BUY,MIN_STOP,1.3790795825853293
2025-01-02 07:40:00+00:00,SELL,MIN_STOP,1.2960991831731556
2025-01-02 08:00:00+00:00,BUY,MIN_STOP,1.3086384550787886
2025-01-02 08:25:00+00:00,SELL,MIN_STOP,1.4481492264462332
2025-01-02 08:50:00+00:00,BUY,MIN_STOP,1.7470311353893697
2025-01-02 09:55:00+00:00,SELL,MIN_STOP,1.691290857439893
2025-01-02 12:30:00+00:00,BUY,MIN_STOP,1.8828779947664267
2025-01-02 19:40:00+00:00,BUY,MIN_STOP,1.9615442018729152
2025-01-02 21:20:00+00:00,SELL,MIN_STOP,1.5350804234024777
2025-01-02 23:10:00+00:00,BUY,MIN_STOP,1.2693885596291372
2025-01-03 00:45:00+00:00,SELL,MIN_STOP,1.1446872845220015
2025-01-03 01:00:00+00:00,BUY,MIN_STOP,1.1623304685286944
2025-01-03 01:30:00+00:00,SELL,MIN_STOP,1.3715231576145088
2025-01-03 02:20:00+00:00,BUY,MIN_STOP,1.8400574471365643
2025-01-03 04:55:00+00:00,SELL,MIN_STOP,1.4303900075410243
2025-01-03 10:35:00+00:00,SELL,MIN_STOP,1.843183437475004
2025-01-03 11:05:00+00:00,BUY,MIN_STOP,1.8988266652223198
2025-01-03 12:30:00+00:00,SELL,MIN_STOP,1.5722533843980318
2025-01-03 19:15:00+00:00,BUY,MIN_STOP,1.5763240936497322
2025-01-03 19:55:00+00:00,SELL,MIN_STOP,1.3663847105078775
2025-01-03 21:45:00+00:00,BUY,MIN_STOP,1.1798114485478879
2025-01-06 00:15:00+00:00,SELL,MIN_STOP,1.2082505427215953
2025-01-06 00:55:00+00:00,BUY,MIN_STOP,1.2595053190365337
2025-01-06 01:50:00+00:00,SELL,MIN_STOP,1.728742610521715
2025-01-06 08:25:00+00:00,BUY,MIN_STOP,1.9218724717631106
2025-01-06 11:00:00+00:00,BUY,MIN_STOP,1.7592831098299624
2025-01-06 21:05:00+00:00,BUY,MIN_STOP,1.464062320410606
2025-01-06 23:10:00+00:00,SELL,MIN_STOP,1.0866690497444687
2025-01-07 00:55:00+00:00,BUY,MIN_STOP,0.9841393290853904
2025-01-07 02:30:00+00:00,SELL,MIN_STOP,1.4667935653618744
2025-01-07 03:35:00+00:00,BUY,MIN_STOP,1.2686958416217036
2025-01-07 04:30:00+00:00,SELL,MIN_STOP,1.1680717091383186
2025-01-07 05:15:00+00:00,BUY,MIN_STOP,1.110082690507606
2025-01-07 06:45:00+00:00,SELL,MIN_STOP,1.5610205391778313
2025-01-07 08:05:00+00:00,BUY,MIN_STOP,1.768411645709717
2025-01-07 08:55:00+00:00,SELL,MIN_STOP,1.7878655847472764
2025-01-07 09:30:00+00:00,BUY,MIN_STOP,1.806161100135511
2025-01-07 20:25:00+00:00,SELL,MIN_STOP,1.790471294387158
2025-01-07 20:55:00+00:00,BUY,MIN_STOP,1.6906920116759596
2025-01-07 21:45:00+00:00,SELL,MIN_STOP,1.2664478237390255
2025-01-07 23:40:00+00:00,BUY,MIN_STOP,1.0974791075824488
2025-01-08 01:05:00+00:00,SELL,MIN_STOP,1.0724008402426557
2025-01-08 02:50:00+00:00,BUY,MIN_STOP,1.2591130347323096
2025-01-08 03:15:00+00:00,SELL,MIN_STOP,1.2907392144989236
2025-01-08 04:15:00+00:00,BUY,MIN_STOP,1.1497237848914545
2025-01-08 04:45:00+00:00,SELL,MIN_STOP,1.058773345683215
2025-01-08 05:20:00+00:00,BUY,MIN_STOP,1.0412413402352212
2025-01-08 07:50:00+00:00,SELL,MIN_STOP,1.2079578162839866
2025-01-08 08:45:00+00:00,BUY,MIN_STOP,1.4347368624552286
2025-01-08 11:05:00+00:00,SELL,MIN_STOP,1.3056498394255094
2025-01-08 12:50:00+00:00,BUY,MIN_STOP,1.7963770110851203
2025-01-08 21:40:00+00:00,SELL,MIN_STOP,1.9294758542405974
2025-01-08 23:40:00+00:00,BUY,MIN_STOP,1.3446647927801334
2025-01-09 00:10:00+00:00,SELL,MIN_STOP,1.1872609490321056
2025-01-09 03:05:00+00:00,BUY,MIN_STOP,1.336176561660332
2025-01-09 04:00:00+00:00,SELL,MIN_STOP,1.3645715230059352
2025-01-09 05:00:00+00:00,BUY,MIN_STOP,1.3948860697012035
2025-01-09 05:45:00+00:00,SELL,MIN_STOP,1.406263748070265
2025-01-09 06:30:00+00:00,BUY,MIN_STOP,1.3459044701181684
2025-01-09 07:55:00+00:00,SELL,MIN_STOP,1.5289850261774371
2025-01-09 08:25:00+00:00,BUY,MIN_STOP,1.7363021923642805
2025-01-09 21:50:00+00:00,BUY,MIN_STOP,1.006941770338774
2025-01-09 23:40:00+00:00,SELL,MIN_STOP,0.8491420589847687
2025-01-10 01:10:00+00:00,BUY,MIN_STOP,0.9550151338569618
2025-01-10 04:30:00+00:00,SELL,MIN_STOP,1.034017467708767
2025-01-10 05:20:00+00:00,BUY,MIN_STOP,0.9897136271040496
2025-01-10 07:20:00+00:00,SELL,MIN_STOP,1.337018024617582
2025-01-10 08:15:00+00:00,BUY,MIN_STOP,1.7087204687762212
2025-01-10 12:05:00+00:00,SELL,MIN_STOP,1.6238593917083266
2025-01-13 00:05:00+00:00,BUY,MIN_STOP,1.7444884102089548
2025-01-13 00:25:00+00:00,SELL,MIN_STOP,1.8530883511931955
2025-01-13 04:05:00+00:00,BUY,MIN_STOP,1.8929932257326034
2025-01-13 04:30:00+00:00,SELL,MIN_STOP,1.9549079892305827
2025-01-13 06:00:00+00:00,BUY,MIN_STOP,1.6717159474579733
2025-01-13 07:20:00+00:00,SELL,MIN_STOP,1.5760464407331884
2025-01-13 08:10:00+00:00,BUY,MIN_STOP,1.8664982605032792
2025-01-13 19:40:00+00:00,BUY,MIN_STOP,1.9284905510756445
2025-01-14 01:40:00+00:00,SELL,MIN_STOP,1.517621903220123
2025-01-14 02:50:00+00:00,BUY,MIN_STOP,1.4808003310278384
2025-01-14 04:00:00+00:00,SELL,MIN_STOP,1.4553575169663626
2025-01-14 04:45:00+00:00,BUY,MIN_STOP,1.3779616808453736
2025-01-14 05:35:00+00:00,SELL,MIN_STOP,1.6606040740286687
2025-01-14 07:10:00+00:00,BUY,MIN_STOP,1.502867876092203
2025-01-14 07:35:00+00:00,SELL,MIN_STOP,1.5558075139598075
2025-01-14 08:20:00+00:00,BUY,MIN_STOP,1.652870171900048
2025-01-14 09:05:00+00:00,SELL,MIN_STOP,1.7816035102333396
2025-01-14 11:50:00+00:00,BUY,MIN_STOP,1.7239278778263631
2025-01-14 12:50:00+00:00,SELL,MIN_STOP,1.8624696462736474
2025-01-14 18:35:00+00:00,BUY,MIN_STOP,1.9902121343204648
2025-01-14 20:00:00+00:00,SELL,MIN_STOP,1.761256443821671
2025-01-14 20:35:00+00:00,BUY,MIN_STOP,1.6954257023299117
2025-01-14 23:25:00+00:00,SELL,MIN_STOP,1.2036600222129756
2025-01-15 02:15:00+00:00,BUY,MIN_STOP,1.4664311067931062
2025-01-15 02:40:00+00:00,SELL,MIN_STOP,1.4764395825851213
2025-01-15 02:50:00+00:00,BUY,MIN_STOP,1.5865906285936946
2025-01-15 04:45:00+00:00,SELL,MIN_STOP,1.1879411391853485
2025-01-15 05:40:00+00:00,BUY,MIN_STOP,1.099616293664859
2025-01-15 07:55:00+00:00,SELL,MIN_STOP,1.4164821834368166
2025-01-15 08:15:00+00:00,BUY,MIN_STOP,1.6072750104236868
2025-01-15 11:20:00+00:00,SELL,MIN_STOP,1.6426143885878308
2025-01-15 21:30:00+00:00,SELL,MIN_STOP,1.3815880140421473
2025-01-15 23:00:00+00:00,BUY,MIN_STOP,1.3714311564014445
2025-01-15 23:45:00+00:00,SELL,MIN_STOP,1.272709805908104
2025-01-16 00:20:00+00:00,BUY,MIN_STOP,1.4046883966588213
2025-01-16 03:40:00+00:00,BUY,MIN_STOP,1.6521949738674693
2025-01-16 05:10:00+00:00,SELL,MIN_STOP,1.1383945000673377
2025-01-16 06:50:00+00:00,BUY,MIN_STOP,1.4786735500394916
2025-01-16 08:55:00+00:00,SELL,MIN_STOP,1.9197898710625947
2025-01-16 09:15:00+00:00,BUY,MIN_STOP,1.997863998250839
2025-01-16 12:00:00+00:00,SELL,MIN_STOP,1.8476359767227066
2025-01-16 20:40:00+00:00,BUY,MIN_STOP,1.5664054929223044
2025-01-16 21:05:00+00:00,SELL,MIN_STOP,1.4680835515333486
2025-01-16 21:55:00+00:00,BUY,MIN_STOP,1.359119794032451
2025-01-16 23:30:00+00:00,SELL,MIN_STOP,1.1732114947212349
2025-01-17 00:05:00+00:00,BUY,MIN_STOP,1.1092921609861772
2025-01-17 01:05:00+00:00,SELL,MIN_STOP,1.2132272660089227
2025-01-17 01:50:00+00:00,BUY,MIN_STOP,1.5982794296039444
2025-01-17 03:25:00+00:00,SELL,MIN_STOP,1.528757899554101
2025-01-17 04:15:00+00:00,BUY,MIN_STOP,1.2622079812481355
2025-01-17 05:00:00+00:00,SELL,MIN_STOP,1.107978611494956
2025-01-17 07:10:00+00:00,BUY,MIN_STOP,1.2634651279373126
2025-01-17 07:45:00+00:00,SELL,MIN_STOP,1.4022236966677748
2025-01-17 08:45:00+00:00,BUY,MIN_STOP,1.3586480859084225
2025-01-17 09:20:00+00:00,SELL,MIN_STOP,1.453070135360848
2025-01-17 11:10:00+00:00,BUY,MIN_STOP,1.5311076497520033
2025-01-17 13:10:00+00:00,SELL,MIN_STOP,1.8177580752692588
2025-01-17 20:45:00+00:00,BUY,MIN_STOP,1.7662200658502327
2025-01-17 21:00:00+00:00,SELL,MIN_STOP,1.7769996099964125
2025-01-17 21:30:00+00:00,BUY,MIN_STOP,1.6521275732980836
2025-01-19 23:20:00+00:00,SELL,MIN_STOP,1.522895636064761
2025-01-20 05:55:00+00:00,SELL,MIN_STOP,1.5499091747542026
2025-01-20 06:05:00+00:00,BUY,MIN_STOP,1.671925787603932
2025-01-20 07:15:00+00:00,SELL,MIN_STOP,1.9276867914253162
2025-01-20 08:45:00+00:00,BUY,MIN_STOP,1.796415192932489
2025-01-20 09:15:00+00:00,SELL,MIN_STOP,1.9130312055922354
2025-01-20 10:00:00+00:00,BUY,MIN_STOP,1.8493398241882275
2025-01-20 11:30:00+00:00,SELL,MIN_STOP,1.933909382313932
2025-01-20 12:15:00+00:00,BUY,MIN_STOP,1.9317501015502134
2025-01-20 12:50:00+00:00,SELL,MIN_STOP,1.8366687179326016
2025-01-20 13:25:00+00:00,BUY,MIN_STOP,1.6198021441669077
2025-01-20 13:35:00+00:00,SELL,MIN_STOP,1.7992339351106108
2025-01-20 23:50:00+00:00,BUY,MIN_STOP,1.8319939891402977
2025-01-21 00:55:00+00:00,SELL,MIN_STOP,1.9126334713824882
2025-01-21 05:30:00+00:00,SELL,MIN_STOP,1.9500529928830268
2025-01-21 06:20:00+00:00,BUY,MIN_STOP,1.7662169461007746
2025-01-21 06:40:00+00:00,SELL,MIN_STOP,1.948258819812279
2025-01-21 19:20:00+00:00,SELL,MIN_STOP,1.9419109356590425
2025-01-21 20:50:00+00:00,BUY,MIN_STOP,1.4098849238044726
2025-01-21 23:15:00+00:00,SELL,MIN_STOP,1.2403620856794508
2025-01-21 23:55:00+00:00,BUY,MIN_STOP,1.2499488537426577
2025-01-22 00:25:00+00:00,SELL,MIN_STOP,1.278130478878424
2025-01-22 00:40:00+00:00,BUY,MIN_STOP,1.2908025703453891
2025-01-22 02:45:00+00:00,SELL,MIN_STOP,1.474913147506805
2025-01-22 03:30:00+00:00,BUY,MIN_STOP,1.4142066759274916
2025-01-22 05:15:00+00:00,SELL,MIN_STOP,1.2663520717096455
2025-01-22 05:30:00+00:00,BUY,MIN_STOP,1.3029952002449634
2025-01-22 06:15:00+00:00,SELL,MIN_STOP,1.8722049066666386
2025-01-22 18:25:00+00:00,BUY,MIN_STOP,1.9294328112328551
2025-01-22 19:05:00+00:00,SELL,MIN_STOP,1.6698585396629935
2025-01-22 20:15:00+00:00,BUY,MIN_STOP,1.244565448720852
2025-01-22 21:25:00+00:00,SELL,MIN_STOP,1.1006060353089628
2025-01-22 21:45:00+00:00,BUY,MIN_STOP,1.0145127200619004
2025-01-22 23:20:00+00:00,SELL,MIN_STOP,0.9814508644721708
2025-01-23 00:35:00+00:00,BUY,MIN_STOP,1.1531823625879367
2025-01-23 01:20:00+00:00,SELL,MIN_STOP,1.149960662477628
2025-01-23 04:10:00+00:00,BUY,MIN_STOP,1.198325717113215
2025-01-23 05:00:00+00:00,SELL,MIN_STOP,1.114657709935792
2025-01-23 05:20:00+00:00,BUY,MIN_STOP,1.104215547218701
2025-01-23 07:00:00+00:00,SELL,MIN_STOP,1.1424947888952313
2025-01-23 08:20:00+00:00,BUY,MIN_STOP,1.1614752843888927
2025-01-23 09:15:00+00:00,SELL,MIN_STOP,1.1845294022608739
2025-01-23 19:30:00+00:00,BUY,MIN_STOP,1.8480667073911898
2025-01-23 20:00:00+00:00,SELL,MIN_STOP,1.760154960451014
2025-01-23 21:55:00+00:00,BUY,MIN_STOP,1.3610042884953928
2025-01-24 01:45:00+00:00,SELL,MIN_STOP,1.452042219378491
2025-01-24 02:00:00+00:00,BUY,MIN_STOP,1.5069660389414175
2025-01-24 05:20:00+00:00,BUY,MIN_STOP,1.9434721496193488
2025-01-24 06:50:00+00:00,SELL,MIN_STOP,1.9452628073500826
2025-01-24 07:50:00+00:00,BUY,MIN_STOP,1.831298555694067
2025-01-24 08:15:00+00:00,SELL,MIN_STOP,1.8671834032061323
2025-01-24 08:50:00+00:00,BUY,MIN_STOP,1.9584750606307446
2025-01-24 19:40:00+00:00,BUY,MIN_STOP,1.6992903766202696
2025-01-24 20:35:00+00:00,SELL,MIN_STOP,1.473655040927493
2025-01-27 01:00:00+00:00,BUY,MIN_STOP,1.5601134075654317
2025-01-27 01:35:00+00:00,SELL,MIN_STOP,1.8362885815156427
2025-01-27 06:55:00+00:00,BUY,MIN_STOP,1.7715176936327344
2025-01-27 07:20:00+00:00,SELL,MIN_STOP,1.6895129296164133
2025-01-27 21:45:00+00:00,SELL,MIN_STOP,1.4868743662278643
2025-01-27 23:30:00+00:00,BUY,MIN_STOP,1.6135936837643552
2025-01-28 01:00:00+00:00,SELL,MIN_STOP,1.7628820923525117
2025-01-28 03:15:00+00:00,BUY,MIN_STOP,1.757259124705559
2025-01-28 03:35:00+00:00,SELL,MIN_STOP,1.7303076989197272
2025-01-28 04:15:00+00:00,BUY,MIN_STOP,1.568748621279232
2025-01-28 05:50:00+00:00,SELL,MIN_STOP,1.4191626836862559
2025-01-28 07:10:00+00:00,BUY,MIN_STOP,1.2382210655097963
2025-01-28 07:45:00+00:00,SELL,MIN_STOP,1.3733186833341622
2025-01-28 08:50:00+00:00,BUY,MIN_STOP,1.7914085447695822
2025-01-28 10:50:00+00:00,SELL,MIN_STOP,1.7247771508656238
2025-01-28 12:40:00+00:00,BUY,MIN_STOP,1.4877941953200196
2025-01-28 20:25:00+00:00,SELL,MIN_STOP,1.2235770446486178
2025-01-28 21:45:00+00:00,BUY,MIN_STOP,1.0116830627349251
2025-01-28 23:40:00+00:00,SELL,MIN_STOP,0.8506215002358656
2025-01-29 00:30:00+00:00,BUY,MIN_STOP,0.7814255901689601
2025-01-29 01:55:00+00:00,SELL,MIN_STOP,0.9217575527127028
2025-01-29 04:30:00+00:00,BUY,MIN_STOP,0.9336085792150024
2025-01-29 04:55:00+00:00,SELL,MIN_STOP,0.9214611009353088
2025-01-29 07:55:00+00:00,BUY,MIN_STOP,1.1587107765719813
2025-01-29 09:05:00+00:00,SELL,MIN_STOP,1.6128657907199238
2025-01-29 14:00:00+00:00,BUY,MIN_STOP,1.911625743385084
2025-01-30 00:15:00+00:00,SELL,MIN_STOP,1.4670992076120286
2025-01-30 00:30:00+00:00,BUY,MIN_STOP,1.3903231640314953
2025-01-30 01:10:00+00:00,SELL,MIN_STOP,1.4331977072130506
2025-01-30 03:25:00+00:00,BUY,MIN_STOP,1.0822053552744735
2025-01-30 04:35:00+00:00,SELL,MIN_STOP,1.0045428128770557
2025-01-30 06:00:00+00:00,BUY,MIN_STOP,1.006925749179289
2025-01-30 11:10:00+00:00,SELL,MIN_STOP,1.6394142474578706
2025-01-30 11:25:00+00:00,BUY,MIN_STOP,1.586824731205776
2025-01-30 12:05:00+00:00,SELL,MIN_STOP,1.4358416717140208
2025-01-30 12:40:00+00:00,BUY,MIN_STOP,1.3769447410457016
2025-01-30 20:15:00+00:00,BUY,MIN_STOP,1.7847668470015603
2025-01-31 02:15:00+00:00,BUY,MIN_STOP,1.5174167873632438
2025-01-31 04:05:00+00:00,SELL,MIN_STOP,1.275099382491426
2025-01-31 04:50:00+00:00,BUY,MIN_STOP,1.1045957960875072
2025-01-31 05:35:00+00:00,SELL,MIN_STOP,1.1095805960573628
2025-01-31 07:20:00+00:00,BUY,MIN_STOP,1.4620317251998436
2025-01-31 08:10:00+00:00,SELL,MIN_STOP,1.8016276964643663
2025-01-31 09:35:00+00:00,BUY,MIN_STOP,1.815040780950988
2025-01-31 10:05:00+00:00,SELL,MIN_STOP,1.7601235465930298
2025-01-31 10:55:00+00:00,BUY,MIN_STOP,1.9065993515304853
2025-02-04 00:35:00+00:00,BUY,MIN_STOP,1.5385270230087449
2025-02-04 02:20:00+00:00,SELL,MIN_STOP,1.8083181126243755
2025-02-04 07:00:00+00:00,BUY,MIN_STOP,1.752836216929867
2025-02-04 07:25:00+00:00,SELL,MIN_STOP,1.8719517934074514
2025-02-04 20:50:00+00:00,BUY,MIN_STOP,1.5014483262611127
2025-02-04 21:20:00+00:00,SELL,MIN_STOP,1.5432179784347504
2025-02-04 23:50:00+00:00,BUY,MIN_STOP,1.1156474420832283
2025-02-05 01:25:00+00:00,SELL,MIN_STOP,1.9565833790840716
2025-02-05 05:05:00+00:00,SELL,MIN_STOP,1.9569826458317385
2025-02-05 05:35:00+00:00,BUY,MIN_STOP,1.8535253634404962
2025-02-05 07:05:00+00:00,SELL,MIN_STOP,1.9828923654978299
2025-02-06 00:25:00+00:00,SELL,MIN_STOP,1.6602699676742168
2025-02-06 00:50:00+00:00,BUY,MIN_STOP,1.5270136751913337
2025-02-06 01:10:00+00:00,SELL,MIN_STOP,1.693286332604913
2025-02-06 01:45:00+00:00,BUY,MIN_STOP,1.9114557267419496
2025-02-06 03:10:00+00:00,SELL,MIN_STOP,1.8779910943667355
2025-02-06 04:50:00+00:00,SELL,MIN_STOP,1.682145909543702
2025-02-06 05:25:00+00:00,BUY,MIN_STOP,1.5690761186638884
2025-02-06 05:50:00+00:00,SELL,MIN_STOP,1.6013093699144636
2025-02-06 06:25:00+00:00,BUY,MIN_STOP,1.6601095084190782
2025-02-06 06:45:00+00:00,SELL,MIN_STOP,1.6859463023842853
2025-02-06 19:40:00+00:00,SELL,MIN_STOP,1.89071751897074
2025-02-06 19:50:00+00:00,BUY,MIN_STOP,1.8893350608710948
2025-02-06 20:30:00+00:00,SELL,MIN_STOP,1.8935921979080987
2025-02-06 21:05:00+00:00,BUY,MIN_STOP,1.7698112303289626
2025-02-06 21:20:00+00:00,SELL,MIN_STOP,1.638280175572064
2025-02-06 21:45:00+00:00,BUY,MIN_STOP,1.4793144563909657
2025-02-07 00:55:00+00:00,SELL,MIN_STOP,1.1198714844904725
2025-02-07 01:20:00+00:00,BUY,MIN_STOP,1.2905469618352057
2025-02-07 05:00:00+00:00,SELL,MIN_STOP,1.292681941124718
2025-02-07 06:30:00+00:00,BUY,MIN_STOP,1.585114081908067
2025-02-07 06:55:00+00:00,SELL,MIN_STOP,1.7301032499860205
2025-02-07 07:15:00+00:00,BUY,MIN_STOP,1.8066818834467298
2025-02-07 10:10:00+00:00,SELL,MIN_STOP,1.7519048517740456
2025-02-07 21:40:00+00:00,SELL,MIN_STOP,1.924685665457867
2025-02-09 23:15:00+00:00,BUY,MIN_STOP,1.836085245274844
2025-02-10 05:40:00+00:00,SELL,MIN_STOP,1.5828536139030343
2025-02-10 06:05:00+00:00,BUY,MIN_STOP,1.7189564954786654
2025-02-10 20:55:00+00:00,BUY,MIN_STOP,1.6681764293471195
2025-02-10 21:30:00+00:00,SELL,MIN_STOP,1.502808779164329
2025-02-10 21:45:00+00:00,BUY,MIN_STOP,1.4735464562757794
2025-02-11 23:05:00+00:00,SELL,MIN_STOP,1.5240775290158812
2025-02-11 23:20:00+00:00,BUY,MIN_STOP,1.4843372214399948
2025-02-12 00:00:00+00:00,SELL,MIN_STOP,1.3987250839957497
2025-02-12 23:25:00+00:00,SELL,MIN_STOP,1.470037374515154
2025-02-12 23:50:00+00:00,BUY,MIN_STOP,1.5311964686266488
2025-02-13 01:05:00+00:00,SELL,MIN_STOP,1.9625017214120075
2025-02-13 05:55:00+00:00,SELL,MIN_STOP,1.9246871083808956
2025-02-13 23:05:00+00:00,SELL,MIN_STOP,1.4212046447019715
2025-02-13 23:25:00+00:00,BUY,MIN_STOP,1.3679468664427674
2025-02-14 00:10:00+00:00,SELL,MIN_STOP,1.4070607336127197
2025-02-14 01:05:00+00:00,BUY,MIN_STOP,1.3756780176616215
2025-02-14 01:55:00+00:00,SELL,MIN_STOP,1.8043770180357448
2025-02-14 03:10:00+00:00,BUY,MIN_STOP,1.797517241074304
2025-02-14 03:40:00+00:00,SELL,MIN_STOP,1.6928220661465805
2025-02-14 04:40:00+00:00,BUY,MIN_STOP,1.6710666402699756
2025-02-14 07:30:00+00:00,SELL,MIN_STOP,1.8899574678029163
2025-02-14 10:20:00+00:00,BUY,MIN_STOP,1.9565020354074854
2025-02-17 14:35:00+00:00,BUY,MIN_STOP,1.8904310420202108
2025-02-17 15:50:00+00:00,SELL,MIN_STOP,1.9698509725308455
2025-02-17 16:15:00+00:00,BUY,MIN_STOP,1.8640498971202843
2025-02-17 16:25:00+00:00,SELL,MIN_STOP,1.8660675321510727
2025-02-17 17:00:00+00:00,BUY,MIN_STOP,1.8422716263094907
2025-02-17 18:15:00+00:00,SELL,MIN_STOP,1.3281778334273697
2025-02-17 23:05:00+00:00,BUY,MIN_STOP,1.0218702727865765
2025-02-17 23:30:00+00:00,SELL,MIN_STOP,0.9678428973744206
2025-02-17 23:50:00+00:00,BUY,MIN_STOP,0.9405222708684207
2025-02-18 00:30:00+00:00,SELL,MIN_STOP,0.8533857921764048
2025-02-18 00:50:00+00:00,BUY,MIN_STOP,0.8770891551388827
2025-02-18 01:10:00+00:00,SELL,MIN_STOP,1.035362223911269
2025-02-18 02:10:00+00:00,BUY,MIN_STOP,1.6559479049480232
2025-02-18 07:05:00+00:00,BUY,MIN_STOP,1.9279592235612875
2025-02-18 07:40:00+00:00,SELL,MIN_STOP,1.8256734995251347
2025-02-18 10:25:00+00:00,SELL,MIN_STOP,1.628404196718108
2025-02-18 11:05:00+00:00,BUY,MIN_STOP,1.7635027632386446
2025-02-18 13:15:00+00:00,SELL,MIN_STOP,1.8674691318608592
2025-02-18 18:20:00+00:00,SELL,MIN_STOP,1.940374214598573
2025-02-18 18:50:00+00:00,BUY,MIN_STOP,1.9319023286960941
2025-02-18 19:20:00+00:00,SELL,MIN_STOP,1.7104217223647444
2025-02-18 19:40:00+00:00,BUY,MIN_STOP,1.6676604323159754
2025-02-18 20:30:00+00:00,SELL,MIN_STOP,1.5024874581557661
2025-02-18 21:45:00+00:00,BUY,MIN_STOP,1.3340222360025584
2025-02-18 23:20:00+00:00,SELL,MIN_STOP,1.2577291538036361
2025-02-19 01:40:00+00:00,BUY,MIN_STOP,1.4836536898720218
2025-02-19 02:35:00+00:00,SELL,MIN_STOP,1.8891055779604395
2025-02-19 05:05:00+00:00,BUY,MIN_STOP,1.7683015708329737
2025-02-19 06:40:00+00:00,SELL,MIN_STOP,1.8023177397584829
2025-02-19 07:10:00+00:00,BUY,MIN_STOP,1.8499806312926084
2025-02-19 23:05:00+00:00,BUY,MIN_STOP,1.8429650587780964
2025-02-20 01:30:00+00:00,SELL,MIN_STOP,1.7713484790887182
2025-02-20 04:05:00+00:00,SELL,MIN_STOP,1.8303383527754362
2025-02-20 05:10:00+00:00,BUY,MIN_STOP,1.718878802513946
2025-02-20 06:40:00+00:00,SELL,MIN_STOP,1.569736948960388
2025-02-20 06:55:00+00:00,BUY,MIN_STOP,1.644417088149835
2025-02-20 09:35:00+00:00,SELL,MIN_STOP,1.7036831520322655
2025-02-20 10:15:00+00:00,BUY,MIN_STOP,1.764165954598103
2025-02-20 10:40:00+00:00,SELL,MIN_STOP,1.8183989110016738
2025-02-20 21:55:00+00:00,SELL,MIN_STOP,1.5798482915544818
2025-02-20 23:25:00+00:00,BUY,MIN_STOP,1.3540447968363878
2025-02-21 00:25:00+00:00,SELL,MIN_STOP,1.386214545124347
2025-02-21 01:05:00+00:00,BUY,MIN_STOP,1.6036663497503445
2025-02-24 00:00:00+00:00,SELL,MIN_STOP,1.8530381925179678
2025-02-24 20:30:00+00:00,SELL,MIN_STOP,1.6427618268981155
2025-02-24 20:45:00+00:00,BUY,MIN_STOP,1.6375450423352838
2025-02-24 23:15:00+00:00,SELL,MIN_STOP,1.384643407479539
2025-02-24 23:40:00+00:00,BUY,MIN_STOP,1.484684971393456
2025-02-25 00:00:00+00:00,SELL,MIN_STOP,1.5449744392747224
2025-02-25 01:10:00+00:00,BUY,MIN_STOP,1.4622919857260444
2025-02-25 01:40:00+00:00,SELL,MIN_STOP,1.6530370843949722
2025-02-25 02:05:00+00:00,BUY,MIN_STOP,1.8137107998151283
2025-02-25 02:55:00+00:00,SELL,MIN_STOP,1.7295690688420897
2025-02-25 05:15:00+00:00,BUY,MIN_STOP,1.9705991912813197
2025-02-25 06:05:00+00:00,SELL,MIN_STOP,1.919597174945717
2025-02-25 07:00:00+00:00,BUY,MIN_STOP,1.8604279329255742
2025-02-25 12:00:00+00:00,SELL,MIN_STOP,1.8635637868116566
2025-02-25 12:20:00+00:00,BUY,MIN_STOP,1.8470291859119847
2025-02-25 23:40:00+00:00,BUY,MIN_STOP,1.8075006150845598
2025-02-26 11:10:00+00:00,BUY,MIN_STOP,1.9456397383149424
2025-02-26 12:25:00+00:00,SELL,MIN_STOP,1.6418198145620924
2025-02-26 19:50:00+00:00,SELL,MIN_STOP,1.7960309791661044
2025-02-26 20:35:00+00:00,BUY,MIN_STOP,1.6802256771935844
2025-02-26 23:05:00+00:00,SELL,MIN_STOP,1.4069279544870443
2025-02-26 23:20:00+00:00,BUY,MIN_STOP,1.3612295488710906
2025-02-27 00:10:00+00:00,SELL,MIN_STOP,1.3107018423725785
2025-02-27 01:40:00+00:00,BUY,MIN_STOP,1.6687696016261717
2025-02-27 01:55:00+00:00,SELL,MIN_STOP,1.7205846453003448
2025-02-27 23:30:00+00:00,SELL,MIN_STOP,1.998010759925543
2025-02-28 00:25:00+00:00,BUY,MIN_STOP,1.6718791511874351
2025-03-03 05:05:00+00:00,SELL,MIN_STOP,1.9493203654158926
2025-03-03 06:05:00+00:00,BUY,MIN_STOP,1.915085169119803
2025-03-03 07:20:00+00:00,SELL,MIN_STOP,1.9054148127344195
2025-03-03 08:05:00+00:00,BUY,MIN_STOP,1.9017663806022571
2025-03-04 00:20:00+00:00,BUY,MIN_STOP,1.811901369584406
2025-03-04 05:50:00+00:00,SELL,MIN_STOP,1.8503679796226475
2025-03-04 07:10:00+00:00,BUY,MIN_STOP,1.9307237775347879
2025-03-04 23:25:00+00:00,SELL,MIN_STOP,1.8036673479753282
2025-03-05 00:30:00+00:00,BUY,MIN_STOP,1.6710052649429765
2025-03-05 01:10:00+00:00,SELL,MIN_STOP,1.6066418653914296
2025-03-05 05:45:00+00:00,BUY,MIN_STOP,1.9912039573109113
2025-03-05 21:10:00+00:00,SELL,MIN_STOP,1.9863723080862221
2025-03-06 00:05:00+00:00,BUY,MIN_STOP,1.3572494477491022
2025-03-06 00:50:00+00:00,SELL,MIN_STOP,1.2816528485665817
2025-03-06 01:20:00+00:00,BUY,MIN_STOP,1.3612632348790084
2025-03-06 03:25:00+00:00,SELL,MIN_STOP,1.574035501088295
2025-03-06 05:35:00+00:00,BUY,MIN_STOP,1.6262613428373562
2025-03-06 05:55:00+00:00,SELL,MIN_STOP,1.754155104836423
2025-03-06 21:55:00+00:00,BUY,MIN_STOP,1.8476831411559336
2025-03-06 23:50:00+00:00,SELL,MIN_STOP,1.6607311315027535
2025-03-07 06:05:00+00:00,SELL,MIN_STOP,1.8111171930455707
2025-03-07 06:25:00+00:00,BUY,MIN_STOP,1.8716228859346429
2025-03-07 10:05:00+00:00,SELL,MIN_STOP,1.6906084094974505
2025-03-07 11:15:00+00:00,BUY,MIN_STOP,1.9394054277698147
2025-03-07 11:55:00+00:00,SELL,MIN_STOP,1.9083261184076252
2025-03-07 12:30:00+00:00,BUY,MIN_STOP,1.899585918997354
2025-03-07 13:00:00+00:00,SELL,MIN_STOP,1.9278806278693141
2025-03-10 00:30:00+00:00,SELL,MIN_STOP,1.8078626728170644
2025-03-10 01:10:00+00:00,BUY,MIN_STOP,1.8664094169360954
2025-03-10 03:40:00+00:00,SELL,MIN_STOP,1.958305348874818
2025-03-10 04:35:00+00:00,BUY,MIN_STOP,1.6857492237413658
2025-03-10 05:00:00+00:00,SELL,MIN_STOP,1.5289624923505312
2025-03-10 06:05:00+00:00,BUY,MIN_STOP,1.6500085667894542
2025-03-10 07:50:00+00:00,SELL,MIN_STOP,1.8697130626405125
2025-03-11 00:00:00+00:00,BUY,MIN_STOP,1.7405127980436776
2025-03-11 00:50:00+00:00,SELL,MIN_STOP,1.8916640589494564
2025-03-11 04:35:00+00:00,BUY,MIN_STOP,1.7508272323839216
2025-03-11 05:45:00+00:00,SELL,MIN_STOP,1.46298386986698
2025-03-11 11:05:00+00:00,SELL,MIN_STOP,1.8469131872479643
2025-03-11 11:50:00+00:00,BUY,MIN_STOP,1.8289167386784593
2025-03-11 12:20:00+00:00,SELL,MIN_STOP,1.7556343390532367
2025-03-11 12:45:00+00:00,BUY,MIN_STOP,1.9015427671160883
2025-03-11 20:00:00+00:00,SELL,MIN_STOP,1.7418138042187032
2025-03-11 22:20:00+00:00,BUY,MIN_STOP,1.4752482141977181
2025-03-11 22:40:00+00:00,SELL,MIN_STOP,1.4637690640436714
2025-03-11 23:00:00+00:00,BUY,MIN_STOP,1.5264102393954933
2025-03-11 23:55:00+00:00,SELL,MIN_STOP,1.483919554525832
2025-03-12 01:30:00+00:00,BUY,MIN_STOP,1.5306630951458287
2025-03-12 03:50:00+00:00,SELL,MIN_STOP,1.5765283991819328
2025-03-12 05:50:00+00:00,BUY,MIN_STOP,1.5236393760956737
2025-03-12 06:35:00+00:00,SELL,MIN_STOP,1.9800632542050356
2025-03-12 11:50:00+00:00,BUY,MIN_STOP,1.903326979725674
2025-03-12 12:10:00+00:00,SELL,MIN_STOP,1.9213852612719837
2025-03-12 20:40:00+00:00,BUY,MIN_STOP,1.7172117968752256
2025-03-12 22:40:00+00:00,SELL,MIN_STOP,1.4144775762904183
2025-03-12 22:50:00+00:00,BUY,MIN_STOP,1.500191012602086
2025-03-12 23:25:00+00:00,SELL,MIN_STOP,1.7155826635479143
2025-03-12 23:40:00+00:00,BUY,MIN_STOP,1.7366257406572356
2025-03-13 01:30:00+00:00,SELL,MIN_STOP,1.4750859521037583
2025-03-13 02:10:00+00:00,BUY,MIN_STOP,1.5729467918013893
2025-03-13 04:10:00+00:00,SELL,MIN_STOP,1.630411367263506
2025-03-13 08:10:00+00:00,BUY,MIN_STOP,1.8326946041687642
2025-03-13 23:55:00+00:00,SELL,MIN_STOP,1.9964235159553139
2025-03-14 00:55:00+00:00,BUY,MIN_STOP,1.7567032706174839
2025-03-14 20:40:00+00:00,BUY,MIN_STOP,1.6150951457772709
2025-03-17 00:00:00+00:00,SELL,MIN_STOP,1.8132375491022783
2025-03-17 01:05:00+00:00,BUY,MIN_STOP,1.844862753649497
2025-03-17 02:10:00+00:00,SELL,MIN_STOP,1.8150345411134237
2025-03-17 05:25:00+00:00,BUY,MIN_STOP,1.371589138846022
2025-03-17 07:30:00+00:00,SELL,MIN_STOP,1.3759584007432861
2025-03-17 08:45:00+00:00,BUY,MIN_STOP,1.63675476210914
2025-03-17 11:45:00+00:00,SELL,MIN_STOP,1.6438938819741413
2025-03-17 18:05:00+00:00,SELL,MIN_STOP,1.9077837628089709
2025-03-17 18:25:00+00:00,BUY,MIN_STOP,1.8262292175025818
2025-03-17 18:50:00+00:00,SELL,MIN_STOP,1.6400346272903978
2025-03-17 19:25:00+00:00,BUY,MIN_STOP,1.4414735231288784
2025-03-17 19:45:00+00:00,SELL,MIN_STOP,1.455525587966168
2025-03-17 20:00:00+00:00,BUY,MIN_STOP,1.464092787649
2025-03-17 22:15:00+00:00,SELL,MIN_STOP,1.0237760062473897
2025-03-17 23:10:00+00:00,BUY,MIN_STOP,0.8528545863555999
2025-03-18 00:00:00+00:00,SELL,MIN_STOP,0.9460762809665096
2025-03-18 00:30:00+00:00,BUY,MIN_STOP,1.1542699175272022
2025-03-18 00:55:00+00:00,SELL,MIN_STOP,1.2715706487365135
2025-03-18 01:30:00+00:00,BUY,MIN_STOP,1.5268858044632805
2025-03-18 04:25:00+00:00,BUY,MIN_STOP,1.8156204613363531
2025-03-18 05:10:00+00:00,SELL,MIN_STOP,1.8414696966544268
2025-03-18 18:35:00+00:00,BUY,MIN_STOP,1.9452295793446936
2025-03-18 20:00:00+00:00,SELL,MIN_STOP,1.5267223869748632
2025-03-18 22:55:00+00:00,BUY,MIN_STOP,1.0710593185398105
2025-03-18 23:20:00+00:00,SELL,MIN_STOP,1.0689980327496085
2025-03-19 00:30:00+00:00,BUY,MIN_STOP,1.1892800731903839
2025-03-19 00:55:00+00:00,SELL,MIN_STOP,1.204055772370914
2025-03-19 02:10:00+00:00,BUY,MIN_STOP,1.4625323237362255
2025-03-19 23:40:00+00:00,SELL,MIN_STOP,1.5642887827132699
2025-03-20 00:05:00+00:00,BUY,MIN_STOP,1.5296538828379715
2025-03-20 20:25:00+00:00,SELL,MIN_STOP,1.554272682156261
2025-03-20 22:50:00+00:00,BUY,MIN_STOP,1.0651495880573147
2025-03-21 00:20:00+00:00,SELL,MIN_STOP,1.140847960096267
2025-03-21 04:45:00+00:00,BUY,MIN_STOP,1.4764120155289864
2025-03-21 04:55:00+00:00,SELL,MIN_STOP,1.552411844014882
2025-03-21 06:05:00+00:00,BUY,MIN_STOP,1.9599987713324714
2025-03-24 00:05:00+00:00,SELL,MIN_STOP,1.394640973911549
2025-03-24 01:15:00+00:00,BUY,MIN_STOP,1.865197562945521
2025-03-24 02:40:00+00:00,SELL,MIN_STOP,1.9747212325877486
2025-03-24 05:50:00+00:00,SELL,MIN_STOP,1.6601914875859143
2025-03-24 06:35:00+00:00,BUY,MIN_STOP,1.9181247128093024
2025-03-24 19:30:00+00:00,SELL,MIN_STOP,1.9913261507365196
2025-03-24 20:15:00+00:00,BUY,MIN_STOP,1.6962804164030179
2025-03-24 22:15:00+00:00,SELL,MIN_STOP,1.8242737841896404
2025-03-24 23:00:00+00:00,BUY,MIN_STOP,1.644325813093568
2025-03-24 23:40:00+00:00,SELL,MIN_STOP,1.4345823267881899
2025-03-25 00:15:00+00:00,BUY,MIN_STOP,1.3457991702364416
2025-03-25 01:20:00+00:00,SELL,MIN_STOP,1.475791530799993
2025-03-25 03:10:00+00:00,BUY,MIN_STOP,1.7568375496785409
2025-03-25 05:55:00+00:00,SELL,MIN_STOP,1.5696362085843418
2025-03-25 07:00:00+00:00,BUY,MIN_STOP,1.5884093585048207
2025-03-25 07:25:00+00:00,SELL,MIN_STOP,1.718134512544671
2025-03-25 08:25:00+00:00,BUY,MIN_STOP,1.9562306062388601
2025-03-25 10:30:00+00:00,SELL,MIN_STOP,1.83513520797633
2025-03-25 11:35:00+00:00,BUY,MIN_STOP,1.7083005172798618
2025-03-25 11:50:00+00:00,SELL,MIN_STOP,1.750175455202377
2025-03-25 19:45:00+00:00,BUY,MIN_STOP,1.4442935753355721
2025-03-26 00:35:00+00:00,SELL,MIN_STOP,0.8503685266400406
2025-03-26 01:20:00+00:00,BUY,MIN_STOP,1.2322260207615559
2025-03-26 02:50:00+00:00,SELL,MIN_STOP,1.7449372633758937
2025-03-26 05:35:00+00:00,BUY,MIN_STOP,1.5318633788247957
2025-03-26 08:20:00+00:00,SELL,MIN_STOP,1.802219368043712
2025-03-26 18:55:00+00:00,SELL,MIN_STOP,1.6885714811760897
2025-03-26 20:05:00+00:00,BUY,MIN_STOP,1.4792725684537427
2025-03-26 22:15:00+00:00,SELL,MIN_STOP,1.4035700269757296
2025-03-26 23:35:00+00:00,BUY,MIN_STOP,1.4208059957272767
2025-03-27 01:50:00+00:00,SELL,MIN_STOP,1.7841098280220855
2025-03-27 02:15:00+00:00,BUY,MIN_STOP,1.7764597140135558
2025-03-27 04:50:00+00:00,SELL,MIN_STOP,1.8758224965892227
2025-03-27 09:30:00+00:00,SELL,MIN_STOP,1.9914696608333966
2025-03-27 09:55:00+00:00,BUY,MIN_STOP,1.9403946026661985
2025-03-27 20:15:00+00:00,SELL,MIN_STOP,1.5208528274981123
2025-03-27 22:40:00+00:00,BUY,MIN_STOP,1.2251749574616737
2025-03-27 23:05:00+00:00,SELL,MIN_STOP,1.2086337168463783
2025-03-27 23:50:00+00:00,BUY,MIN_STOP,1.0398096504628653
2025-03-28 05:25:00+00:00,BUY,MIN_STOP,1.7103013399924385
2025-03-31 22:05:00+00:00,BUY,MIN_STOP,1.5241335404119
2025-03-31 22:20:00+00:00,SELL,MIN_STOP,1.5385936627622532
2025-03-31 23:05:00+00:00,BUY,MIN_STOP,1.4108049962437952
2025-03-31 23:55:00+00:00,SELL,MIN_STOP,1.5905946621821203
2025-04-01 00:40:00+00:00,BUY,MIN_STOP,1.8512908164620214
2025-04-01 20:55:00+00:00,SELL,MIN_STOP,1.9364114566082233
2025-04-01 23:55:00+00:00,BUY,MIN_STOP,1.8945338065624933
2025-04-14 23:30:00+00:00,BUY,MIN_STOP,1.8489977634819148
2025-04-15 00:10:00+00:00,SELL,MIN_STOP,1.780029860884356
2025-04-15 00:20:00+00:00,BUY,MIN_STOP,1.852753567381766
2025-05-26 23:20:00+00:00,SELL,MIN_STOP,1.6391490239558406
2025-05-27 00:15:00+00:00,BUY,MIN_STOP,1.7268608177027778
2025-05-27 22:30:00+00:00,BUY,MIN_STOP,1.963665409339721
2025-05-29 22:10:00+00:00,SELL,MIN_STOP,1.7980450479004462
2025-05-30 00:05:00+00:00,BUY,MIN_STOP,1.8078589911738963
2025-06-03 19:55:00+00:00,SELL,MIN_STOP,1.8634802547994391
2025-06-03 20:35:00+00:00,BUY,MIN_STOP,1.6228325340453014
2025-06-04 23:20:00+00:00,BUY,MIN_STOP,1.7359279969497428
2025-06-09 22:25:00+00:00,BUY,MIN_STOP,1.8482074745070078
2025-06-09 22:45:00+00:00,SELL,MIN_STOP,1.8788157176682054
2025-06-09 23:15:00+00:00,BUY,MIN_STOP,1.8267992282569674
2025-06-10 00:05:00+00:00,SELL,MIN_STOP,1.895573290585404
2025-06-12 20:25:00+00:00,SELL,MIN_STOP,1.848076528431505
2025-06-20 19:00:00+00:00,BUY,MIN_STOP,1.8838744150168552
2025-06-20 19:40:00+00:00,SELL,MIN_STOP,1.9565092729671878
2025-06-20 20:25:00+00:00,BUY,MIN_STOP,1.867543003972713
2025-06-24 22:20:00+00:00,SELL,MIN_STOP,1.8062430862613712
2025-06-24 23:10:00+00:00,BUY,MIN_STOP,1.531440317437466
2025-06-25 00:50:00+00:00,SELL,MIN_STOP,1.754663509652538
2025-06-25 01:15:00+00:00,BUY,MIN_STOP,1.970457439597956
2025-06-25 04:55:00+00:00,BUY,MIN_STOP,1.7363924782909883
2025-06-25 06:20:00+00:00,SELL,MIN_STOP,1.8901990146713339
2025-06-25 06:50:00+00:00,BUY,MIN_STOP,1.9287907027971631
2025-06-25 22:05:00+00:00,BUY,MIN_STOP,1.7202189376861319
2025-06-25 22:25:00+00:00,SELL,MIN_STOP,1.7723024629816408
2025-06-25 23:05:00+00:00,BUY,MIN_STOP,1.735880065023152
2025-06-26 20:05:00+00:00,BUY,MIN_STOP,1.9848923812935904
2025-06-26 20:55:00+00:00,SELL,MIN_STOP,1.7275163240213478
2025-07-01 19:20:00+00:00,BUY,MIN_STOP,1.9197378800279892
2025-07-01 20:10:00+00:00,SELL,MIN_STOP,1.6638176302262357
2025-07-01 20:40:00+00:00,BUY,MIN_STOP,1.5604963104948129
2025-07-01 23:05:00+00:00,SELL,MIN_STOP,1.9169946869545342
2025-07-01 23:35:00+00:00,BUY,MIN_STOP,1.8803880172226128
2025-07-02 00:05:00+00:00,SELL,MIN_STOP,1.9777052083134552
2025-07-02 20:45:00+00:00,SELL,MIN_STOP,1.6079347705369182
2025-07-02 22:05:00+00:00,BUY,MIN_STOP,1.6287666315991034
2025-07-03 04:20:00+00:00,BUY,MIN_STOP,1.9642525544180387
2025-07-03 18:55:00+00:00,BUY,MIN_STOP,1.807288926210441
2025-07-03 19:10:00+00:00,SELL,MIN_STOP,1.755383157421394
2025-07-03 22:40:00+00:00,BUY,MIN_STOP,1.3206705982837588
2025-07-04 00:10:00+00:00,SELL,MIN_STOP,1.598463499823553
2025-07-04 00:55:00+00:00,BUY,MIN_STOP,1.6491739440157283
2025-07-04 02:50:00+00:00,SELL,MIN_STOP,1.9139483862390363
2025-07-04 05:30:00+00:00,SELL,MIN_STOP,1.7380796776076353
2025-07-04 06:05:00+00:00,BUY,MIN_STOP,1.6925149822608072
2025-07-04 07:15:00+00:00,SELL,MIN_STOP,1.9023354421287824
2025-07-04 09:10:00+00:00,SELL,MIN_STOP,1.9791110237398508
2025-07-04 12:00:00+00:00,SELL,MIN_STOP,1.9598092010799655
2025-07-04 13:45:00+00:00,BUY,MIN_STOP,1.9965291155257503
2025-07-04 15:50:00+00:00,BUY,MIN_STOP,1.6639636158237048
2025-07-07 20:55:00+00:00,BUY,MIN_STOP,1.7622017385233888
2025-07-08 05:10:00+00:00,BUY,MIN_STOP,1.992218858166649
2025-07-08 22:05:00+00:00,BUY,MIN_STOP,1.917327982998419
2025-07-08 23:35:00+00:00,SELL,MIN_STOP,1.79239264628228
2025-07-09 20:15:00+00:00,SELL,MIN_STOP,1.945726987742186
2025-07-09 20:55:00+00:00,BUY,MIN_STOP,1.7481793792493152
2025-07-09 23:05:00+00:00,SELL,MIN_STOP,1.868131768430715
2025-07-10 00:10:00+00:00,BUY,MIN_STOP,1.6673381341667142
2025-07-10 01:00:00+00:00,SELL,MIN_STOP,1.8614500393246551
2025-07-10 04:45:00+00:00,BUY,MIN_STOP,1.815797822933217
2025-07-10 22:55:00+00:00,SELL,MIN_STOP,1.5829493524144138
2025-07-10 23:35:00+00:00,BUY,MIN_STOP,1.457019314582966
2025-07-11 05:10:00+00:00,BUY,MIN_STOP,1.935973265508707
2025-07-11 20:05:00+00:00,SELL,MIN_STOP,1.9861729981886231
2025-07-11 20:45:00+00:00,BUY,MIN_STOP,1.8478351570024238
2025-07-14 22:35:00+00:00,BUY,MIN_STOP,1.496501476969335
2025-07-15 01:50:00+00:00,SELL,MIN_STOP,1.595029251950215
2025-07-15 02:15:00+00:00,BUY,MIN_STOP,1.7457842434192656
2025-07-15 06:00:00+00:00,SELL,MIN_STOP,1.7499139420352687
2025-07-15 20:20:00+00:00,SELL,MIN_STOP,1.9308724311857166
2025-07-15 23:05:00+00:00,BUY,MIN_STOP,1.4363611522947064
2025-07-16 01:05:00+00:00,SELL,MIN_STOP,1.5908992546932963
2025-07-16 01:20:00+00:00,BUY,MIN_STOP,1.7193057651397523
2025-07-16 05:45:00+00:00,SELL,MIN_STOP,1.7405666343062558
2025-07-16 06:10:00+00:00,BUY,MIN_STOP,1.8542947263022909
2025-07-16 07:05:00+00:00,SELL,MIN_STOP,1.7828174383020439
2025-07-16 08:10:00+00:00,BUY,MIN_STOP,1.8671861894143185
2025-07-16 09:20:00+00:00,SELL,MIN_STOP,1.7213252897290747
2025-07-16 11:50:00+00:00,BUY,MIN_STOP,1.9803625560773062
2025-07-17 04:35:00+00:00,BUY,MIN_STOP,1.9123106266642884
2025-07-17 05:15:00+00:00,SELL,MIN_STOP,1.860938264251675
2025-07-17 18:40:00+00:00,BUY,MIN_STOP,1.7929653586071292
2025-07-17 20:15:00+00:00,SELL,MIN_STOP,1.28902479006914
2025-07-17 22:05:00+00:00,BUY,MIN_STOP,1.2178568631814917
2025-07-17 23:20:00+00:00,SELL,MIN_STOP,1.521780831621384
2025-07-18 01:05:00+00:00,BUY,MIN_STOP,1.5356447442531596
2025-07-18 01:25:00+00:00,SELL,MIN_STOP,1.6643790259537306
2025-07-18 01:55:00+00:00,BUY,MIN_STOP,1.8388117109684825
2025-07-18 05:00:00+00:00,BUY,MIN_STOP,1.6530005652818902
2025-07-18 05:35:00+00:00,SELL,MIN_STOP,1.8580066488979208
2025-07-18 18:05:00+00:00,BUY,MIN_STOP,1.7558282745132472
2025-07-18 18:15:00+00:00,SELL,MIN_STOP,1.7815225177481866
2025-07-18 20:20:00+00:00,BUY,MIN_STOP,1.4196159974625469
2025-07-20 22:05:00+00:00,SELL,MIN_STOP,1.3880681580343357
2025-07-20 23:50:00+00:00,BUY,MIN_STOP,1.4202622138537222
2025-07-21 01:50:00+00:00,SELL,MIN_STOP,1.8810596763400744
2025-07-21 03:15:00+00:00,BUY,MIN_STOP,1.8564116209476906
2025-07-21 03:40:00+00:00,SELL,MIN_STOP,1.9116261490191846
2025-07-21 04:25:00+00:00,BUY,MIN_STOP,1.7308505908595506
2025-07-21 08:30:00+00:00,BUY,MIN_STOP,1.9619151015385408
2025-07-21 09:35:00+00:00,SELL,MIN_STOP,1.6949462300971734
2025-07-21 10:00:00+00:00,BUY,MIN_STOP,1.650811422563168
2025-07-21 10:25:00+00:00,SELL,MIN_STOP,1.706656008120508
2025-07-21 11:00:00+00:00,BUY,MIN_STOP,1.717249631773144
2025-07-21 18:05:00+00:00,BUY,MIN_STOP,1.9692478494313057
2025-07-21 20:55:00+00:00,SELL,MIN_STOP,1.3317763893837142
2025-07-21 22:05:00+00:00,BUY,MIN_STOP,1.3372281914187938
2025-07-21 23:40:00+00:00,SELL,MIN_STOP,1.6263910038075216
2025-07-22 07:40:00+00:00,BUY,MIN_STOP,1.6637427774929279
2025-07-22 09:25:00+00:00,SELL,MIN_STOP,1.7653987541744145
2025-07-22 10:25:00+00:00,BUY,MIN_STOP,1.5875608517473996
2025-07-22 20:20:00+00:00,SELL,MIN_STOP,1.6869009397188193
2025-07-22 22:05:00+00:00,BUY,MIN_STOP,1.6955258412373082
2025-07-22 22:25:00+00:00,SELL,MIN_STOP,1.6329332738400668
2025-07-22 23:15:00+00:00,BUY,MIN_STOP,1.6144159128089155
2025-07-23 22:55:00+00:00,SELL,MIN_STOP,1.9014926385018613
2025-07-23 23:20:00+00:00,BUY,MIN_STOP,1.7749938001947476
2025-07-24 20:00:00+00:00,SELL,MIN_STOP,1.5794530560160567
2025-07-24 23:00:00+00:00,BUY,MIN_STOP,1.4204551957715206
2025-07-24 23:30:00+00:00,SELL,MIN_STOP,1.5550367521921102
2025-07-25 00:20:00+00:00,BUY,MIN_STOP,1.5597082317857456
2025-07-25 01:10:00+00:00,SELL,MIN_STOP,1.5818262373307073
2025-07-25 01:55:00+00:00,BUY,MIN_STOP,1.7653160059839725
2025-07-25 02:15:00+00:00,SELL,MIN_STOP,1.9716976665944914
2025-07-25 04:10:00+00:00,BUY,MIN_STOP,1.903754088512204
2025-07-25 04:45:00+00:00,SELL,MIN_STOP,1.8943727776042356
2025-07-25 19:50:00+00:00,SELL,MIN_STOP,1.496457543103613
2025-07-25 20:40:00+00:00,BUY,MIN_STOP,1.430057920837804
2025-07-25 20:55:00+00:00,SELL,MIN_STOP,1.4962290185314324
2025-07-28 05:50:00+00:00,BUY,MIN_STOP,1.9553954049082103
2025-07-28 20:45:00+00:00,SELL,MIN_STOP,1.5481913078907297
2025-07-29 19:30:00+00:00,BUY,MIN_STOP,1.9520775881138848
2025-07-29 20:15:00+00:00,BUY,MIN_STOP,1.8709222205346365
2025-07-29 23:40:00+00:00,SELL,MIN_STOP,1.227843031363526
2025-07-30 00:05:00+00:00,BUY,MIN_STOP,1.2906507994664707
2025-07-30 05:20:00+00:00,BUY,MIN_STOP,1.9492470755417686
2025-07-31 05:35:00+00:00,SELL,MIN_STOP,1.9687409018421358
2025-07-31 19:20:00+00:00,SELL,MIN_STOP,1.8898671481852476
2025-07-31 22:25:00+00:00,BUY,MIN_STOP,1.7326096255244439
2025-07-31 23:10:00+00:00,SELL,MIN_STOP,1.6676146139772405
2025-08-04 04:55:00+00:00,SELL,MIN_STOP,1.7631108392152064
2025-08-04 06:15:00+00:00,BUY,MIN_STOP,1.8793903742941507
2025-08-04 19:50:00+00:00,SELL,MIN_STOP,1.4389344236787804
2025-08-04 20:20:00+00:00,BUY,MIN_STOP,1.4260960211264295
2025-08-04 20:40:00+00:00,SELL,MIN_STOP,1.362038522996622
2025-08-04 22:05:00+00:00,BUY,MIN_STOP,1.3623500599256615
2025-08-05 00:15:00+00:00,SELL,MIN_STOP,1.5085223183893366
2025-08-05 00:40:00+00:00,BUY,MIN_STOP,1.5226593055717388
2025-08-05 02:25:00+00:00,SELL,MIN_STOP,1.8687529877852729
2025-08-05 05:55:00+00:00,BUY,MIN_STOP,1.7037228173487113
2025-08-05 06:25:00+00:00,SELL,MIN_STOP,1.8539865217949711
2025-08-05 07:10:00+00:00,BUY,MIN_STOP,1.9414094390135663
2025-08-05 22:00:00+00:00,BUY,MIN_STOP,1.4157647469476764
2025-08-05 22:35:00+00:00,SELL,MIN_STOP,1.332809540083133
2025-08-05 23:10:00+00:00,BUY,MIN_STOP,1.2597914106496855
2025-08-06 00:45:00+00:00,SELL,MIN_STOP,1.3951303486980708
2025-08-06 01:40:00+00:00,BUY,MIN_STOP,1.9127326918369376
2025-08-06 03:40:00+00:00,SELL,MIN_STOP,1.9791900077709783
2025-08-06 06:00:00+00:00,BUY,MIN_STOP,1.6668740383234866
2025-08-06 06:55:00+00:00,SELL,MIN_STOP,1.8231495345924476
2025-08-06 20:15:00+00:00,SELL,MIN_STOP,1.7963820148583745
2025-08-06 22:05:00+00:00,BUY,MIN_STOP,1.732550441248263
2025-08-06 23:10:00+00:00,SELL,MIN_STOP,1.8500164083481845
2025-08-12 05:40:00+00:00,SELL,MIN_STOP,1.9165036899405035
2025-08-12 20:10:00+00:00,SELL,MIN_STOP,1.8615148144654188
2025-08-12 20:30:00+00:00,BUY,MIN_STOP,1.7024629062306045
2025-08-12 23:00:00+00:00,SELL,MIN_STOP,1.5719969316353124
2025-08-12 23:25:00+00:00,BUY,MIN_STOP,1.4457930815550966
2025-08-13 00:05:00+00:00,SELL,MIN_STOP,1.375378995480802
2025-08-13 01:10:00+00:00,BUY,MIN_STOP,1.9659562887232398
2025-08-13 05:15:00+00:00,SELL,MIN_STOP,1.765395213573247
2025-08-13 18:55:00+00:00,BUY,MIN_STOP,1.9959140893044658
2025-08-13 20:40:00+00:00,SELL,MIN_STOP,1.4890455131677207
2025-08-13 22:05:00+00:00,BUY,MIN_STOP,1.3261471259521795
2025-08-14 05:25:00+00:00,SELL,MIN_STOP,1.9431252237149321
2025-08-14 19:55:00+00:00,SELL,MIN_STOP,1.73678172185264
2025-08-14 22:05:00+00:00,BUY,MIN_STOP,1.465133348379586
2025-08-14 22:20:00+00:00,SELL,MIN_STOP,1.4902496916753343
2025-08-14 23:30:00+00:00,BUY,MIN_STOP,1.339044050364603
2025-08-15 00:05:00+00:00,SELL,MIN_STOP,1.4680962362673557
2025-08-15 00:50:00+00:00,BUY,MIN_STOP,1.6138170977606132
2025-08-15 01:25:00+00:00,SELL,MIN_STOP,1.7851129563366712
2025-08-15 01:40:00+00:00,BUY,MIN_STOP,1.8781507447283519
2025-08-15 02:20:00+00:00,SELL,MIN_STOP,1.7592877291282172
2025-08-15 02:55:00+00:00,BUY,MIN_STOP,1.6885153298827567
2025-08-15 05:25:00+00:00,SELL,MIN_STOP,1.74330960163425
2025-08-15 18:25:00+00:00,BUY,MIN_STOP,1.7600999723753636
2025-08-15 18:55:00+00:00,SELL,MIN_STOP,1.5302493176606358
2025-08-15 19:35:00+00:00,BUY,MIN_STOP,1.4666979759062082
2025-08-15 20:30:00+00:00,SELL,MIN_STOP,1.3798753821617646
2025-08-18 10:55:00+00:00,SELL,MIN_STOP,1.9276585853101782
2025-08-18 18:20:00+00:00,SELL,MIN_STOP,1.5526337915001491
2025-08-18 19:55:00+00:00,BUY,MIN_STOP,1.2676530523871459
2025-08-18 20:50:00+00:00,SELL,MIN_STOP,1.0332474614357503
2025-08-18 22:25:00+00:00,BUY,MIN_STOP,0.9821776524342942
2025-08-18 22:50:00+00:00,SELL,MIN_STOP,0.9438564435980616
2025-08-18 23:00:00+00:00,BUY,MIN_STOP,0.9183773153472314
2025-08-18 23:20:00+00:00,SELL,MIN_STOP,0.933255457632046
2025-08-19 00:15:00+00:00,BUY,MIN_STOP,1.7281201142052935
2025-08-19 05:00:00+00:00,BUY,MIN_STOP,1.9481191541588785
2025-08-19 05:55:00+00:00,SELL,MIN_STOP,1.8785843593969436
2025-08-19 07:10:00+00:00,BUY,MIN_STOP,1.9636119511841708
2025-08-19 10:05:00+00:00,BUY,MIN_STOP,1.5877109334896755
2025-08-19 11:30:00+00:00,SELL,MIN_STOP,1.6389132673972013
2025-08-19 19:10:00+00:00,SELL,MIN_STOP,1.7573577059789294
2025-08-19 20:35:00+00:00,BUY,MIN_STOP,1.310673102287628
2025-08-19 20:50:00+00:00,SELL,MIN_STOP,1.276839692138302
2025-08-19 22:10:00+00:00,BUY,MIN_STOP,1.2352417094429406
2025-08-19 23:15:00+00:00,SELL,MIN_STOP,1.1254119910667397
2025-08-20 00:50:00+00:00,BUY,MIN_STOP,1.3899226118250012
2025-08-20 01:30:00+00:00,SELL,MIN_STOP,1.8578547503972196
2025-08-20 03:10:00+00:00,BUY,MIN_STOP,1.9945431990300087
2025-08-20 08:15:00+00:00,SELL,MIN_STOP,1.7828820898159492
2025-08-20 08:50:00+00:00,BUY,MIN_STOP,1.7510432829496168
2025-08-20 10:25:00+00:00,SELL,MIN_STOP,1.643236640064522
2025-08-20 11:10:00+00:00,BUY,MIN_STOP,1.5918936744914391
2025-08-20 18:10:00+00:00,SELL,MIN_STOP,1.8530408363874238
2025-08-20 19:10:00+00:00,BUY,MIN_STOP,1.5011535812715886
2025-08-20 22:25:00+00:00,SELL,MIN_STOP,1.3328285123527768
2025-08-21 01:40:00+00:00,BUY,MIN_STOP,1.6683336128859942
2025-08-21 02:05:00+00:00,SELL,MIN_STOP,1.7150280031643241
2025-08-21 02:55:00+00:00,BUY,MIN_STOP,1.6947205596595643
2025-08-21 03:35:00+00:00,SELL,MIN_STOP,1.5743990629186932
2025-08-21 05:35:00+00:00,BUY,MIN_STOP,1.446299613583417
2025-08-21 06:20:00+00:00,SELL,MIN_STOP,1.4699545732334482
2025-08-21 07:20:00+00:00,BUY,MIN_STOP,1.7268932168512001
2025-08-21 08:50:00+00:00,SELL,MIN_STOP,1.5922995064356993
2025-08-21 09:50:00+00:00,BUY,MIN_STOP,1.5124680660091734
2025-08-21 10:35:00+00:00,SELL,MIN_STOP,1.5588622494153621
2025-08-21 18:25:00+00:00,BUY,MIN_STOP,1.941832420566758
2025-08-21 19:50:00+00:00,SELL,MIN_STOP,1.3807454629867784
2025-08-21 22:05:00+00:00,BUY,MIN_STOP,1.0946379699566207
2025-08-21 23:00:00+00:00,SELL,MIN_STOP,1.013250850590009
2025-08-21 23:40:00+00:00,BUY,MIN_STOP,0.9894459878923743
2025-08-22 00:05:00+00:00,SELL,MIN_STOP,1.028803620769587
2025-08-22 01:00:00+00:00,BUY,MIN_STOP,1.3319790799461908
2025-08-22 01:25:00+00:00,SELL,MIN_STOP,1.3493444232409826
2025-08-22 03:40:00+00:00,BUY,MIN_STOP,1.4979498232337944
2025-08-22 04:00:00+00:00,SELL,MIN_STOP,1.5172840387538813
2025-08-22 05:35:00+00:00,BUY,MIN_STOP,1.3897667452417286
2025-08-22 06:30:00+00:00,SELL,MIN_STOP,1.6560650516044984
2025-08-22 07:00:00+00:00,BUY,MIN_STOP,1.697061329572216
2025-08-22 11:15:00+00:00,SELL,MIN_STOP,1.5410016916487175
2025-08-22 19:55:00+00:00,BUY,MIN_STOP,1.8321163547513777
2025-08-24 22:05:00+00:00,SELL,MIN_STOP,1.5716848003444357
2025-08-24 23:55:00+00:00,BUY,MIN_STOP,1.361634739675318
2025-08-25 00:10:00+00:00,SELL,MIN_STOP,1.6407697606404008
2025-08-25 02:40:00+00:00,BUY,MIN_STOP,1.8605285359953985
2025-08-25 04:05:00+00:00,SELL,MIN_STOP,1.5664336202364102
2025-08-25 05:00:00+00:00,BUY,MIN_STOP,1.41058932355774
2025-08-25 05:30:00+00:00,SELL,MIN_STOP,1.3807725990291189
2025-08-25 06:05:00+00:00,BUY,MIN_STOP,1.3362268271388547
2025-08-25 07:20:00+00:00,SELL,MIN_STOP,1.5647188755122905
2025-08-25 09:35:00+00:00,BUY,MIN_STOP,1.4416261600431146
2025-08-25 10:30:00+00:00,SELL,MIN_STOP,1.5606642376548943
2025-08-25 11:25:00+00:00,BUY,MIN_STOP,1.5411848860424615
2025-08-25 12:15:00+00:00,SELL,MIN_STOP,1.5987978025797036
2025-08-25 17:15:00+00:00,BUY,MIN_STOP,1.5234421118571495
2025-08-25 17:35:00+00:00,SELL,MIN_STOP,1.5217659182106427
2025-08-25 18:20:00+00:00,BUY,MIN_STOP,1.4527434123840555
2025-08-25 18:55:00+00:00,SELL,MIN_STOP,1.3225507133525012
2025-08-25 22:00:00+00:00,BUY,MIN_STOP,1.12941275041718
2025-08-25 22:35:00+00:00,SELL,MIN_STOP,1.1490798683200796
2025-08-26 18:30:00+00:00,BUY,MIN_STOP,1.7620907158026025
2025-08-26 22:20:00+00:00,SELL,MIN_STOP,1.562394722639016
2025-08-26 22:40:00+00:00,BUY,MIN_STOP,1.552792452572995
2025-08-26 23:45:00+00:00,SELL,MIN_STOP,1.2501510638546212
2025-08-27 00:20:00+00:00,BUY,MIN_STOP,1.3779250968242138
2025-08-27 00:40:00+00:00,SELL,MIN_STOP,1.5309645693783624
2025-08-27 05:30:00+00:00,BUY,MIN_STOP,1.7282299717630374
2025-08-27 06:55:00+00:00,SELL,MIN_STOP,1.819577716561897
2025-08-27 09:30:00+00:00,SELL,MIN_STOP,1.8676567346246153
2025-08-27 11:55:00+00:00,BUY,MIN_STOP,1.8757329004743575
2025-08-27 18:05:00+00:00,SELL,MIN_STOP,1.9519541138557726
2025-08-27 20:35:00+00:00,BUY,MIN_STOP,1.3238439798433561
2025-08-27 23:50:00+00:00,SELL,MIN_STOP,1.3946137540332442
2025-08-28 03:50:00+00:00,SELL,MIN_STOP,1.8611817115210367
2025-08-28 04:25:00+00:00,BUY,MIN_STOP,1.6575913133241664
2025-08-28 05:25:00+00:00,SELL,MIN_STOP,1.3607858964161645
2025-08-28 06:05:00+00:00,BUY,MIN_STOP,1.4415956117223316
2025-08-28 09:35:00+00:00,SELL,MIN_STOP,1.833596793034231
2025-08-28 10:35:00+00:00,BUY,MIN_STOP,1.9798199023400456
2025-08-28 19:40:00+00:00,SELL,MIN_STOP,1.4944065073994344
2025-08-28 19:55:00+00:00,BUY,MIN_STOP,1.5612729601462778
2025-08-28 20:20:00+00:00,SELL,MIN_STOP,1.7091278928059563
2025-08-28 23:00:00+00:00,BUY,MIN_STOP,1.1382514185505528
2025-08-28 23:35:00+00:00,SELL,MIN_STOP,0.9550861768567462
2025-08-29 00:10:00+00:00,BUY,MIN_STOP,0.9788799061308818
2025-08-29 00:25:00+00:00,SELL,MIN_STOP,1.1800796510516767
2025-08-29 02:10:00+00:00,BUY,MIN_STOP,1.6295828161798853
2025-08-29 03:15:00+00:00,SELL,MIN_STOP,1.610988434371938
2025-08-29 05:40:00+00:00,BUY,MIN_STOP,1.3699304438847824
2025-08-29 06:40:00+00:00,SELL,MIN_STOP,1.3320144537710494
2025-08-29 07:10:00+00:00,BUY,MIN_STOP,1.5137825471757933
2025-08-29 07:25:00+00:00,SELL,MIN_STOP,1.6197581072871405
2025-08-29 07:50:00+00:00,BUY,MIN_STOP,1.796610145913822
2025-08-29 08:55:00+00:00,SELL,MIN_STOP,1.7252237753671962
2025-08-29 11:35:00+00:00,BUY,MIN_STOP,1.5942302103266153
2025-09-01 18:10:00+00:00,SELL,MIN_STOP,1.4093873595975621
2025-09-01 22:25:00+00:00,BUY,MIN_STOP,1.4941841762041552
2025-09-01 23:00:00+00:00,SELL,MIN_STOP,1.5605568942662336
2025-09-01 23:25:00+00:00,BUY,MIN_STOP,1.8064330207107584
2025-09-04 20:25:00+00:00,SELL,MIN_STOP,1.9250317909432764
2025-09-04 23:20:00+00:00,BUY,MIN_STOP,1.87584512601901
2025-09-08 20:30:00+00:00,SELL,MIN_STOP,1.9078273610980134
2025-09-08 20:50:00+00:00,BUY,MIN_STOP,1.7693915468810972
2025-09-08 22:15:00+00:00,SELL,MIN_STOP,1.7122676934720713
2025-09-08 23:50:00+00:00,BUY,MIN_STOP,1.8305438443083242
2025-09-11 20:30:00+00:00,SELL,MIN_STOP,1.890117484554799
2025-09-11 22:05:00+00:00,BUY,MIN_STOP,1.749111451364089
2025-09-11 22:45:00+00:00,SELL,MIN_STOP,1.654713761302297
2025-09-12 00:50:00+00:00,BUY,MIN_STOP,1.8777428739719493
2025-09-12 05:30:00+00:00,SELL,MIN_STOP,1.8094399432145676
2025-09-12 18:05:00+00:00,SELL,MIN_STOP,1.8516873595079815
2025-09-14 22:05:00+00:00,BUY,MIN_STOP,1.4065643936818923
2025-09-14 22:25:00+00:00,SELL,MIN_STOP,1.5420048315347026
2025-09-15 00:15:00+00:00,BUY,MIN_STOP,1.791428275259714
2025-09-15 20:35:00+00:00,SELL,MIN_STOP,1.8232589500598517
2025-09-15 22:35:00+00:00,BUY,MIN_STOP,1.7194869702992917
2025-09-15 23:50:00+00:00,SELL,MIN_STOP,1.440622178000975
2025-09-16 00:20:00+00:00,BUY,MIN_STOP,1.6974887971376527
2025-09-16 04:40:00+00:00,SELL,MIN_STOP,1.949641285637936
2025-09-16 04:50:00+00:00,BUY,MIN_STOP,1.9897351232124942
2025-09-16 05:45:00+00:00,SELL,MIN_STOP,1.8163029606200796
2025-09-16 06:05:00+00:00,BUY,MIN_STOP,1.9403425045589289
2025-09-16 19:35:00+00:00,SELL,MIN_STOP,1.8481232610328007
2025-09-16 20:10:00+00:00,BUY,MIN_STOP,1.7521525306859322
2025-09-16 20:55:00+00:00,SELL,MIN_STOP,1.630409948273204
2025-09-16 22:35:00+00:00,BUY,MIN_STOP,1.5058323152768036
2025-09-16 23:50:00+00:00,SELL,MIN_STOP,1.3121762966167851
2025-09-17 04:30:00+00:00,SELL,MIN_STOP,1.9457211201833842
2025-09-17 05:05:00+00:00,BUY,MIN_STOP,1.7962055603760367
2025-09-18 19:20:00+00:00,BUY,MIN_STOP,1.8615447353472687
2025-09-18 20:40:00+00:00,SELL,MIN_STOP,1.6023458818143854
2025-09-19 00:05:00+00:00,BUY,MIN_STOP,1.454865628858365
2025-09-19 00:30:00+00:00,SELL,MIN_STOP,1.6477076978622691
2025-09-19 01:00:00+00:00,BUY,MIN_STOP,1.8197191530738592
2025-09-19 20:40:00+00:00,BUY,MIN_STOP,1.8916340113406347
2025-09-22 20:35:00+00:00,BUY,MIN_STOP,1.913996644072563
2025-09-22 22:00:00+00:00,SELL,MIN_STOP,1.7634508140511174
2025-11-27 18:20:00+00:00,SELL,MIN_STOP,1.9659177128868728
2025-11-27 18:55:00+00:00,BUY,MIN_STOP,1.733181775091397
2025-11-27 19:25:00+00:00,SELL,MIN_STOP,1.6457786880103566
2025-11-27 21:10:00+00:00,BUY,MIN_STOP,1.2688424297784222
2025-11-27 21:55:00+00:00,SELL,MIN_STOP,1.3517552928749752
2025-11-27 23:05:00+00:00,BUY,MIN_STOP,1.5215843673837328
