entry_time,exit_time,side,entry,exit,lots,sl_dist_usd,lots_capped,notional_capped,notional_usd,pnl_cash,pnl_r,mae_cash,mfe_cash,exit_reason
2025-01-03 01:00:00+00:00,2025-01-03 01:00:00+00:00,BUY,2661.0081165234265,2661.2377878576426,1.878987128582094,0.9504469919552321,False,True,500000.0,43.15494807964481,0.24164560060702658,-221.36657834883246,307.5682983470373,TRAIL_STOP
2025-01-03 15:05:00+00:00,2025-01-03 15:05:00+00:00,SELL,2645.642494523227,2646.6973967616163,1.8899000943440216,0.8276150122278523,False,True,500000.0,-199.36598398557175,-1.274629172747418,-511.6914855990048,0.0,SL
2025-01-03 16:20:00+00:00,2025-01-03 16:35:00+00:00,SELL,2642.2438184229018,2643.6639892797452,1.8923310427061164,1.6248131190664026,False,True,500000.0,-268.7433398351442,-0.874051815669412,-254.7421187462337,287.41072498911336,SL
2025-01-03 19:55:00+00:00,2025-01-03 20:35:00+00:00,SELL,2639.5416807644747,2639.076727363226,1.8942682498394496,0.9647039460332962,False,True,500000.0,88.07464656403677,0.4819648589192167,-127.54472498620657,359.28221522256297,TRAIL_STOP
2025-01-08 16:50:00+00:00,2025-01-08 17:05:00+00:00,BUY,2668.8456696734156,2667.510763832739,1.8734691394170595,2.279063141732422,False,True,500000.0,-250.09048965351653,-0.5857256941384518,-257.72746791764723,244.36226144617922,SL
2025-01-10 13:35:00+00:00,2025-01-10 13:35:00+00:00,SELL,2666.2346650181316,2667.136839831866,1.875303800374975,0.6470346192386387,False,True,500000.0,-169.18518567985012,-1.3943223235811928,-1356.8451188483368,6.500744024266611,SL
2025-01-10 14:00:00+00:00,2025-01-10 14:00:00+00:00,BUY,2682.916261198291,2681.696741201787,1.7262301433315814,2.896485164110345,False,False,463133.0922114957,-210.51721783608377,-0.42103443567216753,-279.8669950703795,521.9669065071369,SL
2025-01-10 16:50:00+00:00,2025-01-10 16:55:00+00:00,BUY,2694.893548916783,2696.405166092727,1.855360855351692,1.2145272524408028,False,True,500000.0,280.4595336524026,1.2446136329228366,-108.26938173820638,427.00222503079726,TP
2025-01-13 15:30:00+00:00,2025-01-13 15:30:00+00:00,SELL,2664.8887548124007,2667.411382070136,1.8762509282876174,2.2961489395820536,False,True,500000.00000000006,-473.3081734049253,-1.0986339841675674,-463.6676077259643,14.776378987412308,SL
2025-01-15 19:05:00+00:00,2025-01-15 19:05:00+00:00,BUY,2694.5997752532253,2693.5796336981584,1.8555631325732314,0.850280317727993,False,True,500000.0,-189.29370595879848,-1.1997708682622983,-245.82041188300443,21.380679207551026,SL
2025-01-16 00:20:00+00:00,2025-01-16 00:20:00+00:00,BUY,2697.875234419833,2696.5354190716603,1.853310314802319,1.2449228164919077,False,True,500000.0,-248.30936046987,-1.0762236264157083,-431.86474861834836,61.11579511904151,SL
2025-01-16 09:15:00+00:00,2025-01-16 09:15:00+00:00,BUY,2701.9498931999124,2701.234439997936,1.8505154416755347,0.5127571981633992,False,True,500000.0,-132.39571980533267,-1.3953060133312776,-214.64002771323504,201.72594666376028,SL
2025-01-16 16:10:00+00:00,2025-01-16 16:35:00+00:00,BUY,2718.8675722037674,2718.3175185955974,1.8390009322694851,2.5190162791204784,False,True,500000.0,-101.15490982227257,-0.2183604817202687,-242.3016511060265,510.7692306582909,SL
2025-01-17 07:45:00+00:00,2025-01-17 07:50:00+00:00,SELL,2709.9748888151667,2710.353864790496,1.8450355465050303,1.3923348815014833,False,True,500000.0,-69.92241457542809,-0.27218737414721855,-128.2504844790892,233.37648263590344,SL
2025-01-17 09:20:00+00:00,2025-01-17 09:20:00+00:00,SELL,2709.3573464932324,2709.560181287569,1.8454560844369925,0.8057236421286689,False,True,500000.0,-37.43227053437607,-0.25174238874335586,-130.5943469737545,273.5605355179569,SL
2025-01-17 21:00:00+00:00,2025-01-17 21:10:00+00:00,SELL,2700.9191500195006,2699.834002234537,1.8512216479948689,0.8478495904955707,False,True,500000.0,200.8849070798552,1.2798824191558145,-78.83427026982221,299.74055674505775,TP
2025-01-19 23:20:00+00:00,2025-01-19 23:20:00+00:00,SELL,2699.398855218197,2695.0485423987216,1.852264251477517,1.4240404178681274,False,True,500000.0,805.7928918258316,3.0549082490143755,-61.33676413974493,1193.5722662362896,TRAIL_STOP
2025-01-21 01:30:00+00:00,2025-01-21 01:40:00+00:00,BUY,2712.8469972137996,2713.605300470983,1.8430821956178127,1.6219414897959723,False,True,500000.0,139.76152321936144,0.4675281210536957,-274.06580896870435,664.0630286007054,TRAIL_STOP
2025-01-21 06:20:00+00:00,2025-01-21 06:25:00+00:00,BUY,2729.073310847305,2727.455788262242,1.832123739632202,1.424527793406014,False,True,500000.0,-296.3501527485066,-1.1354798358798481,-646.4302064149236,61.685618952882486,SL
2025-01-21 07:35:00+00:00,2025-01-21 07:35:00+00:00,BUY,2728.573890640847,2729.3457598996633,1.83245907950313,1.2367034577887352,False,True,500000.0,141.44188315075058,0.6241344713279525,-79.50868443315888,583.8415023470375,TRAIL_STOP
2025-01-22 00:40:00+00:00,2025-01-22 00:40:00+00:00,BUY,2745.2895401285173,2744.8297892930464,1.8213015155282786,0.5253426988629144,False,True,500000.0,-83.7344893408567,-0.8751446179151777,-99.17717613346733,186.76716180450222,SL
2025-01-22 03:30:00+00:00,2025-01-22 03:40:00+00:00,BUY,2749.870710333796,2749.633496045949,1.8182673029718803,1.2599170097232673,False,True,500000.0,-43.13189833901591,-0.18827770878274921,-212.86643211930186,255.33739839600693,SL
2025-01-22 05:30:00+00:00,2025-01-22 05:35:00+00:00,BUY,2753.990149760012,2753.8982333997988,1.8155475249015358,1.2331449602570501,False,True,500000.0,-16.687852028342842,-0.07453816313230328,-187.93635846926514,261.4116539438485,SL
2025-01-24 02:00:00+00:00,2025-01-24 02:00:00+00:00,BUY,2762.605348301947,2763.8187723908272,1.8098857309001022,1.4623143408880424,False,True,500000.0,219.6158943995096,0.8297970244506436,-31.736038963143212,557.3817664448597,TRAIL_STOP
2025-01-24 15:15:00+00:00,2025-01-24 15:15:00+00:00,BUY,2783.676894473908,2781.6177238932296,1.7961854732228033,1.8097839520723937,False,True,500000.0,-369.8652283902047,-1.1377991159222556,-353.2907281395424,109.22703121529678,SL
2025-01-29 18:05:00+00:00,2025-01-29 18:05:00+00:00,SELL,2749.138404446719,2750.715120526842,1.8187516466659235,1.363506618901738,False,True,500000.0,-286.7654967048125,-1.1563684827528553,-528.637544872171,0.0,SL
2025-01-30 11:25:00+00:00,2025-01-30 11:40:00+00:00,BUY,2779.09934123656,2777.9250276619673,1.7991440341154736,1.2061659677660828,False,True,500000.0,-211.27592619094807,-0.973592031258965,-222.97533919902077,86.4774346688047,SL
2025-01-30 12:40:00+00:00,2025-01-30 12:40:00+00:00,BUY,2779.873847237052,2779.396820523303,1.7986427711349409,0.6757919780980046,False,True,500000.0,-85.80006503224064,-0.7058780352665694,-113.10715370717854,198.0580456991695,SL
2025-01-30 15:00:00+00:00,2025-01-30 15:05:00+00:00,BUY,2788.1675202119395,2787.0425755159413,1.7932925348832447,1.5079244507319345,False,True,500000.0,-201.7354925490141,-0.7460219213583271,-238.95985486521116,299.0279055997623,SL
2025-02-02 23:25:00+00:00,2025-02-02 23:25:00+00:00,SELL,2792.5237152226787,2792.7069184373554,1.7904950897082337,1.561980323746866,False,True,500000.0,-32.802445629743644,-0.11728906689250532,-172.11756736053337,673.8913625265908,SL
2025-02-04 07:25:00+00:00,2025-02-04 07:25:00+00:00,SELL,2809.6164024103296,2809.6181445838156,1.7796023669674523,1.9455493830778323,False,True,500000.0,-0.3100376059418201,-0.0008954660833539169,-118.98378531259966,398.8805034749031,SL
2025-02-04 14:30:00+00:00,2025-02-04 14:30:00+00:00,BUY,2837.7080489706705,2837.2240506455637,1.7619853465241655,2.834028384089379,False,True,500000.0,-85.2797956580364,-0.17078104362821497,-298.31274772693985,547.4402186046916,SL
2025-02-05 02:05:00+00:00,2025-02-05 02:05:00+00:00,BUY,2848.0778967156057,2847.31381057791,1.7555699602760106,1.2808310277150667,False,True,500000.0,-134.14066704020885,-0.5965549874747345,-152.36534025394712,344.4609585041511,SL
2025-02-05 04:15:00+00:00,2025-02-05 04:20:00+00:00,BUY,2857.909597319951,2855.552520858763,1.7495304976367436,2.1465437189767727,False,True,500000.0,-412.3777154110396,-1.098079876198262,-396.19820761207234,0.0,SL
2025-02-05 09:30:00+00:00,2025-02-05 09:40:00+00:00,BUY,2869.71419582778,2869.716577291062,1.7423337861552206,1.5781123833785387,False,True,500000.0,0.414930393722284,0.0015090581047162723,-86.97657566482218,446.1775628986658,TRAIL_STOP
2025-02-10 13:20:00+00:00,2025-02-10 13:20:00+00:00,BUY,2909.0278533213564,2908.1334887389376,1.7187872554369994,2.5749197484865363,False,True,500000.0,-153.72224459756714,-0.3473368763995399,-616.6756563124528,334.67308957190136,SL
2025-02-11 12:05:00+00:00,2025-02-11 12:05:00+00:00,SELL,2902.2586081277154,2901.357605352079,1.7227961650273353,2.0592293179784065,False,True,500000.0,155.22441265451047,0.43754368091494483,-330.155256826172,640.6403821667691,TRAIL_STOP
2025-02-12 10:40:00+00:00,2025-02-12 10:40:00+00:00,SELL,2883.3035490150146,2882.4909996010956,1.7341219594128703,1.2454706846947374,False,True,499999.99999999994,140.9059781784973,0.6524034840034322,-220.48510733799972,650.9111772669045,TRAIL_STOP
2025-02-12 12:00:00+00:00,2025-02-12 12:00:00+00:00,SELL,2879.6883036617273,2881.9554919485417,1.7362990271003105,2.495623103728576,False,True,500000.0,-393.6516816649091,-0.9084658189881046,-588.0317557226701,116.9056492800464,SL
2025-02-12 13:15:00+00:00,2025-02-12 13:15:00+00:00,SELL,2878.7415584881674,2877.1202841462496,1.7368700518659468,0.6722717484858549,False,True,500000.0,281.59428503356924,2.4116353923385336,-222.0486774964311,855.6791896863763,TRAIL_STOP
2025-02-12 15:25:00+00:00,2025-02-12 15:25:00+00:00,BUY,2894.6100278658887,2892.7920562312074,1.727348399910835,1.515585183659823,False,True,500000.0,-314.0270394249979,-1.1995179514035943,-409.3863841887308,0.0,SL
2025-02-13 23:25:00+00:00,2025-02-13 23:25:00+00:00,BUY,2930.198397343322,2929.7880693237403,1.706369099284633,1.2563442097648476,False,True,500000.0,-70.0171053185063,-0.32660477629662765,-85.89816713065046,201.62502609880087,SL
2025-02-14 08:15:00+00:00,2025-02-14 08:20:00+00:00,BUY,2936.4973589663673,2936.1286121608964,1.7027088359990814,1.7945382937186878,False,True,500000.0,-62.78684439217215,-0.2054828290717414,-190.2536985016218,358.0185466900483,SL
2025-02-14 09:15:00+00:00,2025-02-14 09:15:00+00:00,BUY,2937.7284605496834,2936.3490745338145,1.7019952889262069,1.1976715433534082,False,True,500000.0,-234.7708500619611,-1.1517231277005493,-222.6993691306826,58.980851186561296,SL
2025-02-14 13:45:00+00:00,2025-02-14 13:45:00+00:00,SELL,2917.810709657426,2921.4708759912514,1.477062463309749,3.385097194059199,False,False,430978.86742781644,-540.6294301163855,-1.081258860232771,-564.1330401497897,11.921320541025871,SL
2025-02-14 19:30:00+00:00,2025-02-14 19:50:00+00:00,SELL,2882.9841972569047,2880.252987942309,1.7343140502668686,1.9768576050068987,False,True,500000.0,473.67746885229224,1.381591323359927,-81.65198122541736,641.5569777358794,TP
2025-02-14 20:40:00+00:00,2025-02-14 20:40:00+00:00,SELL,2878.427193447696,2879.6551558967694,1.7370597426892518,2.303937598385801,False,True,500000.0,-213.30441358195074,-0.532984248329358,-252.36117759225883,243.56937894552573,SL
2025-02-18 07:05:00+00:00,2025-02-18 07:10:00+00:00,BUY,2914.891397961178,2913.634174137448,1.7153297730053518,1.0593571847389285,False,True,500000.0,-215.65534561754842,-1.1867799094029912,-353.5977296821231,94.96100595881695,SL
2025-02-18 14:05:00+00:00,2025-02-18 14:10:00+00:00,BUY,2920.354929151339,2920.1664445094434,1.7121206570096636,1.0835121781174166,False,True,500000.0,-32.27084489186697,-0.17395710514594565,-84.73784237637045,364.69383008866623,SL
2025-02-18 18:50:00+00:00,2025-02-18 19:15:00+00:00,BUY,2933.516595116435,2931.889057191517,1.704438968684799,1.6684974451309245,False,True,499999.99999999994,-277.4039062242225,-0.9754512538615545,-252.52884522650314,45.747974293336675,SL
2025-02-18 19:40:00+00:00,2025-02-18 20:15:00+00:00,BUY,2935.5483830216153,2935.219410106784,1.7032592713915367,1.4660434539314338,False,True,500000.00000000006,-56.0326167223299,-0.22439506410892293,-153.86955071840538,239.5833409730303,SL
2025-02-19 17:35:00+00:00,2025-02-19 17:50:00+00:00,SELL,2923.9549264820157,2924.820618389576,1.7100126799888113,2.0965438776702285,False,True,500000.0,-148.03441388916033,-0.4129138038943268,-265.0645370668191,406.11543982882046,SL
2025-02-20 05:10:00+00:00,2025-02-20 05:20:00+00:00,BUY,2943.2059439401255,2944.121668729216,1.6988277732636017,0.7348227426396079,False,True,500000.0,155.565870437254,1.246184604739984,-57.920503461150574,330.26164272963496,TP
2025-02-20 06:55:00+00:00,2025-02-20 07:00:00+00:00,BUY,2948.617220854407,2947.1129894011096,1.695710099173596,1.4216379425570267,False,True,500000.0,-255.0740466851158,-1.0580974299208161,-360.7149885991262,67.45181144222225,SL
2025-02-20 10:15:00+00:00,2025-02-20 10:15:00+00:00,BUY,2954.45320829773,2953.0022236625587,1.6923605308614298,1.2623742523278452,False,True,500000.0,-245.55891274500306,-1.149409244125113,-303.47549466913983,22.303907521716173,SL
2025-02-21 18:40:00+00:00,2025-02-21 18:40:00+00:00,BUY,2941.1228096309164,2939.861485363219,1.7000310165992196,1.0790022492437856,False,True,500000.0,-214.42903770751255,-1.1689727881304606,-223.18170914482073,63.2735171521385,SL
2025-02-24 08:55:00+00:00,2025-02-24 08:55:00+00:00,BUY,2947.045211499694,2945.985987993126,1.6966146228396672,1.6444414935722307,False,True,500000.0,-179.70940900984928,-0.6441235584896818,-154.42781402569167,311.2928999437785,SL
2025-02-25 07:45:00+00:00,2025-02-25 07:45:00+00:00,SELL,2933.886900197493,2934.943450965422,1.704223840279401,1.770095852646591,False,True,500000.0,-180.05990071699594,-0.5968890138628313,-159.8732047993338,223.57715926353143,SL
2025-03-03 14:35:00+00:00,2025-03-03 14:35:00+00:00,BUY,2879.124136286632,2879.679422399776,1.7366392567042213,2.326862019277087,False,True,500000.0,96.43316627879918,0.23864161628121935,-38.92438742171696,612.315333842366,TRAIL_STOP
2025-03-07 11:15:00+00:00,2025-03-07 11:15:00+00:00,BUY,2921.781970271388,2921.0425449611093,1.711284432197238,0.5413756991583796,False,True,500000.00000000006,-126.53670222528515,-1.3658265626410324,-291.255522948929,55.27957457102725,SL
2025-03-10 19:10:00+00:00,2025-03-10 19:10:00+00:00,SELL,2882.9062840913457,2884.1633232863096,1.7343609216821747,0.9780340817424076,False,True,500000.0,-218.0159656768224,-1.2852713606098902,-330.17304779546015,309.8061323052718,SL
2025-03-11 11:50:00+00:00,2025-03-11 11:50:00+00:00,BUY,2914.426445836934,2913.4772336781684,1.71560342761169,0.7753625756122347,False,True,500000.0,-162.84716331087432,-1.224217145141379,-204.4048561657273,3.1831585752934277,SL
2025-03-11 12:45:00+00:00,2025-03-11 12:45:00+00:00,BUY,2915.9600771383557,2914.012371451446,1.7147011165210686,1.7516199054716708,False,True,500000.0,-333.97331159982537,-1.1119453945604059,-397.82388595537435,0.0,SL
2025-03-11 13:35:00+00:00,2025-03-11 13:35:00+00:00,BUY,2915.051325434219,2917.531032056999,1.7152356654492906,1.467834118607243,False,True,500000.0,425.32812392426524,1.6893643439305204,-44.823470506160305,954.3013046180203,TRAIL_STOP
2025-03-11 15:10:00+00:00,2025-03-11 15:10:00+00:00,BUY,2919.730460887869,2918.758236613968,1.7124868432134437,0.714678645254935,False,True,500000.0,-166.49212777078506,-1.3603656417549566,-216.7085121076544,41.020757795909695,SL
2025-03-12 13:20:00+00:00,2025-03-12 13:20:00+00:00,SELL,2910.5664018876087,2910.612614810284,1.7178786908133472,1.3005603602205156,False,True,500000.0,-7.938819510409418,-0.035533085651987255,-229.09597793861374,556.8335231085395,SL
2025-03-13 09:25:00+00:00,2025-03-13 10:05:00+00:00,BUY,2947.0123636182047,2946.697646024436,1.696633533583562,1.5596359823016428,False,True,500000.0,-53.39604231969073,-0.20178913370822107,-216.72179492255842,325.3526190573403,SL
2025-03-13 13:40:00+00:00,2025-03-13 13:40:00+00:00,BUY,2950.412247769,2948.980645138914,1.694678431388979,2.4772031489956134,False,True,499999.99999999994,-242.61060995260775,-0.577910871244536,-207.9790324094306,319.0659597525634,SL
2025-03-13 20:30:00+00:00,2025-03-13 20:45:00+00:00,BUY,2984.7499595127174,2986.605258268941,1.6751821987850155,1.3791497670681565,False,True,500000.0,310.79634498534523,1.3452482105460357,-80.40196318417428,618.9866048086002,TP
2025-03-13 22:35:00+00:00,2025-03-13 22:35:00+00:00,BUY,2988.442186197496,2987.425424403052,1.6731125076112037,1.4859101474248746,False,True,500000.0,-170.1156875545363,-0.684268692966405,-277.2658954471593,269.8418945417012,SL
2025-03-17 18:25:00+00:00,2025-03-17 18:25:00+00:00,BUY,3000.071311460875,2999.205783366964,1.6666270501301068,0.7075406783778817,False,True,500000.0,-144.25125339597116,-1.2232909292160774,-112.71589750076849,45.61367226156134,SL
2025-03-17 20:00:00+00:00,2025-03-17 20:40:00+00:00,BUY,3000.4932046393824,3001.4839844582043,1.666392709128275,0.7672974270312807,False,True,500000.0,165.10282664362813,1.2912591440001386,-55.52497817147631,205.26548080710782,TP
2025-03-18 00:30:00+00:00,2025-03-18 00:30:00+00:00,BUY,3002.552713495876,3002.26859452899,1.6652496982071279,0.6669834134031589,False,True,500000.0,-47.31290238620425,-0.42597606053869,-26.263235141090576,176.8972280401457,SL
2025-03-18 01:30:00+00:00,2025-03-18 01:30:00+00:00,BUY,3004.401344290223,3003.4658928085214,1.6642250575151534,0.8732300946862779,False,True,500000.0,-155.6801795937182,-1.071254286119739,-194.93805187660945,133.7463969826182,SL
2025-03-18 06:05:00+00:00,2025-03-18 06:05:00+00:00,BUY,3016.0925301791112,3014.5486328674187,1.6577740735636761,1.3431337613378673,False,True,499999.99999999994,-255.94329355684675,-1.149473981023786,-248.2566705310107,202.65787747835142,SL
2025-03-18 06:50:00+00:00,2025-03-18 06:55:00+00:00,BUY,3017.081217072595,3015.108417994458,1.6572308268358071,2.2905585244975555,False,True,500000.0,-326.9383447442042,-0.8612742512526848,-308.4466308137668,134.86261536484176,SL
2025-03-18 11:40:00+00:00,2025-03-18 11:45:00+00:00,BUY,3027.8018634395353,3026.9986539756724,1.651363010365572,1.619132230246123,False,True,500000.0,-132.63903981987775,-0.4960740382154075,-246.360810056541,296.1119388485254,SL
2025-03-20 00:05:00+00:00,2025-03-20 00:05:00+00:00,BUY,3053.0914826941416,3052.6727915532147,1.6376843040379017,1.091136576979352,False,True,500000.00000000006,-68.56839097358149,-0.3837201957669228,-64.93134850181431,228.21414192096412,SL
2025-03-25 11:35:00+00:00,2025-03-25 11:35:00+00:00,BUY,3025.4304150258636,3024.7164077340135,1.6526574120387616,0.5487155431433166,False,True,500000.0,-118.00094431257355,-1.3012339467547724,-164.50800205482702,54.46910504035398,SL
2025-03-26 15:05:00+00:00,2025-03-26 15:05:00+00:00,SELL,3013.414093596529,3015.4972370814544,1.659247565950177,1.834034472895837,False,True,500000.0,-345.64507568877474,-1.135825697777872,-559.3168245005211,122.63392510494732,SL
2025-03-27 08:55:00+00:00,2025-03-27 08:55:00+00:00,BUY,3037.3173618479086,3036.3581061342206,1.6461895167115472,0.7695988060836498,False,True,500000.0,-157.91166997188068,-1.246436073061834,-285.1795913178145,12.780711206966565,SL
2025-03-27 09:55:00+00:00,2025-03-27 09:55:00+00:00,BUY,3038.2470197301336,3038.9065342154104,1.6456858074838547,1.4924143327998536,False,True,500000.0,108.53536282499819,0.4419111172964096,-37.3603147899736,479.38502875993584,TRAIL_STOP
2025-03-27 12:00:00+00:00,2025-03-27 12:10:00+00:00,BUY,3054.9879483099703,3053.1270326170365,1.636667667630577,1.7669145093809675,False,True,500000.0,-304.5700546811034,-1.053200753660529,-475.1161639731167,170.54923090717267,SL
2025-03-28 13:55:00+00:00,2025-03-28 13:55:00+00:00,BUY,3083.020337650366,3081.882881616413,1.6217862525715947,0.8370906576924426,False,True,500000.0,-184.47105587691476,-1.3588206050325389,-330.899155196769,216.45370504614422,SL
2025-03-31 05:40:00+00:00,2025-03-31 05:45:00+00:00,BUY,3114.0647321286624,3112.8849789311666,1.6056185179497475,0.9693747019105103,False,True,500000.0,-189.42335805096124,-1.217024949352008,-333.92564181551904,95.5773117359946,SL
2025-04-01 15:35:00+00:00,2025-04-01 15:40:00+00:00,SELL,3126.0361674435794,3123.3353908009353,1.5994696581162455,1.3554836848365994,False,True,500000.0,431.9810293258279,1.9924818519447245,-172.5559940182358,1072.6311348252382,TRAIL_STOP
2025-04-07 00:15:00+00:00,2025-04-07 00:15:00+00:00,SELL,2980.660708767091,2982.3844888294457,1.6774804275083632,1.0401158910913182,False,True,500000.0,-289.160731592926,-1.6572961504761987,-1697.491298346231,858.1501329627819,SL
2025-04-08 13:15:00+00:00,2025-04-08 13:15:00+00:00,BUY,3018.760689439725,3016.85032691632,1.5292960043778376,3.269478234224607,False,False,461657.86605330574,-292.150977395671,-0.5843019547913421,-354.90210875731344,611.6129660095049,SL
2025-04-09 08:20:00+00:00,2025-04-09 08:25:00+00:00,BUY,3049.411912913415,3046.3383067255377,1.639660414136373,2.6851711817203068,False,True,499999.99999999994,-503.9670394907227,-1.1446593084275043,-659.4571393230851,306.3028446032923,SL
2025-04-09 11:20:00+00:00,2025-04-09 11:20:00+00:00,BUY,3056.3134885092995,3058.7276920475574,1.381880186320325,3.6182586952882048,False,False,422345.9052954553,333.61400352629863,0.6672280070525972,-67.50325922464262,1159.606346227821,TRAIL_STOP
2025-04-09 15:25:00+00:00,2025-04-09 15:40:00+00:00,BUY,3085.732708392897,3080.3987392775657,0.7701933627202533,6.491876250842324,False,False,237661.0851133,-410.81876095831086,-0.8216375219166218,-523.9400852730885,168.46374781243748,SL
2025-04-09 16:20:00+00:00,2025-04-09 16:25:00+00:00,BUY,3089.3515031495103,3084.2207318154174,0.9996868701364527,5.001566139722854,False,False,308838.4134934879,-512.9164736365233,-1.0258329472730465,-549.4782030229125,0.0,SL
2025-04-10 05:05:00+00:00,2025-04-10 05:15:00+00:00,BUY,3130.588897936848,3127.2848949147883,1.3398156566658905,3.731856673807215,False,False,419441.2020040204,-442.67549786267796,-0.8853509957253559,-488.8850585364533,273.47005010644574,SL
2025-04-10 13:25:00+00:00,2025-04-10 13:25:00+00:00,BUY,3135.2186338356855,3130.861721148224,1.255867870128741,3.9813105494031333,False,False,393742.0348063163,-547.1706657138933,-1.0943413314277866,-555.5499603451719,100.64100179708379,SL
2025-04-10 14:10:00+00:00,2025-04-10 14:45:00+00:00,BUY,3142.8220518944945,3144.921654046609,0.6893613823403013,7.253089784382155,False,False,216654.0154143571,144.73846419463817,0.28947692838927636,-260.030690824796,682.6709995255472,TRAIL_STOP
2025-04-10 22:00:00+00:00,2025-04-10 22:30:00+00:00,BUY,3180.06881044649,3185.006847546861,0.662688821676309,7.545019376292203,False,False,210739.60528443663,327.2381987438938,0.6544763974877876,-186.13672850962925,622.3436339354557,TRAIL_STOP
2025-04-11 00:20:00+00:00,2025-04-11 00:20:00+00:00,BUY,3191.64166168229,3194.6762644511364,1.2642559625998062,3.9548953280932437,False,False,403505.2001263788,383.6514644636101,0.7673029289272203,-158.87420248053706,959.3601964389662,TRAIL_STOP
2025-04-14 14:10:00+00:00,2025-04-14 14:10:00+00:00,SELL,3199.2910176657388,3200.5736131935114,1.5628462594966093,0.9186290194857065,False,True,500000.0,-200.44996230265312,-1.3962061948474997,-767.1984679034822,10.317546196066653,SL
2025-04-16 02:05:00+00:00,2025-04-16 02:15:00+00:00,BUY,3273.2162535820685,3270.1867854789807,1.4852991520810912,3.3663252234368883,False,False,486170.53260234924,-449.966640477297,-0.899933280954594,-484.39371801678357,349.60175587678424,SL
2025-04-16 03:30:00+00:00,2025-04-16 03:50:00+00:00,BUY,3276.082570586151,3276.9849046023774,1.2065688574317945,4.143982309175954,False,False,395281.92040443484,108.87281229798613,0.21774562459597227,-134.239302094489,658.4764372382198,TRAIL_STOP
2025-04-16 04:50:00+00:00,2025-04-16 04:50:00+00:00,BUY,3280.0685746227887,3279.0308117238214,1.5243583742986244,0.7050670785715738,False,True,500000.0,-158.1922565577115,-1.47186406869213,-139.2615126794317,479.6279872858015,SL
2025-04-16 15:35:00+00:00,2025-04-16 15:40:00+00:00,BUY,3316.3081490762256,3319.0573564138303,1.5077006644852273,2.081130600737197,False,True,500000.0,414.4981729714314,1.3210162479139373,-113.55233626820463,1333.0864513054094,TRAIL_STOP
2025-04-16 17:20:00+00:00,2025-04-16 17:20:00+00:00,BUY,3329.296332824698,3328.365715635026,1.5018188530420828,0.7129893186570371,False,True,500000.0,-139.76184404143302,-1.3052330032444246,-208.95298669872352,97.4180593218559,SL
2025-04-16 20:50:00+00:00,2025-04-16 22:00:00+00:00,BUY,3341.4347315798796,3344.0005284196914,1.4963632097149857,1.8843631774702772,False,True,500000.0,383.9363994697367,1.3616254395590268,-108.44616730503267,1159.7216529284042,TP
2025-04-17 13:55:00+00:00,2025-04-17 13:55:00+00:00,SELL,3317.5594487677363,3318.4639239993844,1.5071319978477504,0.9065758775450377,False,True,500000.0,-136.3163562877639,-0.9976828791180663,-180.18535172111172,825.8252568422891,SL
2025-04-21 03:40:00+00:00,2025-04-21 04:00:00+00:00,BUY,3384.033429228953,3381.68266040899,1.4775267752420644,2.467013808023239,False,True,500000.0,-347.33238738994106,-0.9528802847871125,-951.2951576279595,99.96514295680433,SL
2025-04-21 10:20:00+00:00,2025-04-21 10:25:00+00:00,BUY,3397.4739923798174,3394.7506610932014,1.4716816114603033,2.5538399761708206,False,True,500000.0,-400.7876576427341,-1.0663672399315098,-387.6398150103684,51.657146010483956,SL
2025-04-21 11:35:00+00:00,2025-04-21 11:35:00+00:00,BUY,3397.4024655650337,3396.5668312670405,1.4717125953366945,2.951776865706961,False,True,500000.00000000006,-122.98135214519849,-0.2830953476536244,-333.7057631552022,456.6039005405867,SL
2025-04-21 12:50:00+00:00,2025-04-21 12:55:00+00:00,BUY,3410.1136317988276,3410.823670286128,1.2686273262705787,3.9412677753825847,False,False,432616.33389877994,90.07742276933763,0.18015484553867525,-216.76169905272366,724.5597770399972,TRAIL_STOP
2025-04-21 13:55:00+00:00,2025-04-21 13:55:00+00:00,BUY,3424.7156018832793,3420.124154928575,1.1812959601855568,4.232639548868519,False,False,404560.27052891656,-542.3857738998378,-1.0847715477996758,-668.0939657135734,0.0,SL
2025-04-22 22:05:00+00:00,2025-04-22 22:05:00+00:00,SELL,3326.5594438498806,3326.835681738237,0.8049353286340455,6.2116791525163535,False,False,267766.5219155991,-22.235363544522354,-0.04447072708904471,-979.2485937712213,800.4634178386635,SL
2025-04-28 16:10:00+00:00,2025-04-28 16:30:00+00:00,BUY,3335.1268090381077,3331.6908272179076,0.9455388888518282,5.287989800262494,False,False,315349.20971978357,-324.88544323871236,-0.6497708864774248,-345.2927460191499,278.7629206230481,SL
2025-04-28 18:25:00+00:00,2025-04-28 18:25:00+00:00,BUY,3346.1601548431513,3344.976932783815,1.1646184156393111,4.293251706186766,False,False,389699.9738008823,-137.8002200093909,-0.2756004400187818,-237.6001901089866,436.1315633383909,SL
2025-04-29 13:50:00+00:00,2025-04-29 13:50:00+00:00,SELL,3300.9358564410104,3305.8919564015205,1.0423149129773066,4.7970147387777615,False,False,344061.4669949983,-516.581689904589,-1.0331633798091782,-675.3307954855683,117.87085329017533,SL
2025-04-30 09:55:00+00:00,2025-04-30 10:25:00+00:00,SELL,3275.3435082889587,3276.8647551935646,0.9937738217928626,5.031325931870015,False,False,325495.06359167607,-151.17753502808267,-0.30235507005616535,-397.160884144518,342.20683926937716,SL
2025-04-30 11:00:00+00:00,2025-04-30 11:00:00+00:00,SELL,3272.344634760222,3273.053461191204,1.2944413978567828,3.862670035336123,False,False,423585.83632881654,-91.75342761579728,-0.18350685523159457,-130.78585933240234,524.8487086820652,SL
2025-05-01 03:10:00+00:00,2025-05-01 03:10:00+00:00,SELL,3236.779335745907,3237.789429316632,1.266159571729881,3.948949335958332,False,False,409827.91375321656,-127.89396429163679,-0.2557879285832736,-291.300806665681,734.2884464355111,SL
2025-05-01 11:45:00+00:00,2025-05-01 11:45:00+00:00,SELL,3213.9722014485465,3211.0722763595522,1.3778775116600162,3.628769580524022,False,False,442846.0019476387,399.5741565623811,0.7991483131247622,-131.28396971903263,1058.5132615994214,TRAIL_STOP
2025-05-02 05:40:00+00:00,2025-05-02 05:40:00+00:00,BUY,3256.3992038393335,3255.576895905298,1.5354382822919685,0.5882806260019606,False,True,500000.0,-126.26030817505364,-1.3978157663019257,-417.51696722681993,0.0,SL
2025-05-02 07:35:00+00:00,2025-05-02 07:40:00+00:00,BUY,3262.319664181645,3259.112006513298,1.3113213826142536,3.812947814541076,False,False,427794.9532564342,-420.6270088609549,-0.8412540177219098,-470.06467908821355,150.8459955795926,SL
2025-05-02 11:25:00+00:00,2025-05-02 11:25:00+00:00,BUY,3264.82224813448,3263.8040472710177,1.5314769442216956,0.7572108240810849,False,True,500000.0,-155.9351146979327,-1.3446728851216114,-174.16692978154992,236.26889126983943,SL
2025-05-05 02:45:00+00:00,2025-05-05 02:45:00+00:00,BUY,3268.3705139005237,3267.0687601845525,1.5298143153399468,1.5807919109975046,False,True,500000.0,-199.14414697397814,-0.8234820199388657,-220.37187864676628,528.4722287121349,SL
2025-05-05 12:10:00+00:00,2025-05-05 12:15:00+00:00,BUY,3316.381748118426,3315.9129287855276,1.5076672047290054,1.3567104869498507,False,True,500000.0,-70.68235331538776,-0.3455559144032393,-346.273181567388,586.2189845574936,SL
2025-05-06 01:05:00+00:00,2025-05-06 01:05:00+00:00,BUY,3350.12837536772,3353.562220160509,1.2297452587100777,4.065882722121387,False,False,411980.44856785494,422.27543530784783,0.8445508706156957,-481.8603530299804,1135.8695348030956,TRAIL_STOP
2025-05-06 11:00:00+00:00,2025-05-06 11:00:00+00:00,BUY,3383.911884965825,3383.0106280376717,1.4775798454487523,0.6345842823261592,False,True,500000.0,-133.1679072610058,-1.42023203734168,-291.3617483046062,57.347095221318185,SL
2025-05-06 12:40:00+00:00,2025-05-06 12:45:00+00:00,BUY,3388.491985677677,3387.428698000314,1.2340501391311107,4.051699231216389,False,False,418156.9006370191,-131.21503061861446,-0.26243006123722895,-376.63033501632606,493.37501307107334,SL
2025-05-06 18:25:00+00:00,2025-05-06 18:25:00+00:00,BUY,3415.467783009226,3413.7228539659454,1.4639283160196315,1.4684431937416775,False,True,500000.0,-255.44510359034211,-1.1882850155301932,-232.4400506900595,287.25450149686975,SL
2025-05-06 19:45:00+00:00,2025-05-06 19:55:00+00:00,BUY,3418.7826909617706,3423.14752434333,1.46250886703577,3.081510197188436,False,True,500000.0,638.3607523664482,1.416459171721047,-99.11290406995343,795.9425225559219,TP
2025-05-08 19:10:00+00:00,2025-05-08 19:10:00+00:00,SELL,3302.0045640651006,3302.8121250058193,1.5142317047086378,0.52915463289537,False,True,500000.0,-122.28343799206769,-1.5261341213248678,-364.9958514793672,0.0,SL
2025-05-09 13:25:00+00:00,2025-05-09 13:25:00+00:00,BUY,3336.69527384447,3336.2734691159076,1.498488651089527,2.0407507338750293,False,True,499999.99999999994,-63.206959872698434,-0.20669096012607396,-185.85362801818712,572.3816294331053,SL
2025-05-09 14:30:00+00:00,2025-05-09 14:30:00+00:00,BUY,3338.6751205342944,3335.4584131037122,1.4440303009701834,3.4625312201833367,False,False,482114.80391468003,-464.50229991165224,-0.9290045998233045,-475.1033745364957,386.98271514267486,SL
2025-05-13 06:50:00+00:00,2025-05-13 06:55:00+00:00,BUY,3264.172860137718,3260.7071976159928,1.0471066272846064,4.775062892082133,False,False,341793.70344527526,-362.89181944304795,-0.7257836388860959,-435.8958438663292,168.8082333904929,SL
2025-05-14 05:00:00+00:00,2025-05-14 05:05:00+00:00,SELL,3223.745878937081,3225.4483135377113,1.5509907380319248,2.4165423212944006,False,True,500000.0,-264.0460297682384,-0.7044919452179169,-605.525560874253,338.25230321817895,SL
2025-05-14 14:25:00+00:00,2025-05-14 14:25:00+00:00,SELL,3181.4272209705982,3182.581504136564,1.571621681942668,0.7983596174358354,False,True,500000.0,-181.40964507332905,-1.4458185769379526,-872.6867917644418,0.0,SL
2025-05-15 04:10:00+00:00,2025-05-15 04:25:00+00:00,SELL,3149.0064061382022,3150.748915255374,1.365944400725788,3.6604710977571813,False,False,430136.7668314114,-238.01705718143486,-0.47603411436286974,-209.4803948510042,364.8992256541797,SL
2025-05-15 14:15:00+00:00,2025-05-15 14:20:00+00:00,BUY,3203.389573248294,3206.425610549825,1.5608466861961818,2.281038214169257,False,True,500000.0,473.8788761262653,1.3309892323030221,-280.88579411664495,597.0904668687074,TP
2025-05-15 19:25:00+00:00,2025-05-15 19:30:00+00:00,BUY,3228.505132226302,3227.0923179761985,1.5487043678794206,2.157776752343125,False,True,500000.0,-218.80316001376798,-0.6547545980228926,-212.96732852855934,284.1667735607403,SL
2025-05-16 08:00:00+00:00,2025-05-16 08:10:00+00:00,SELL,3207.280255147277,3202.222385147806,1.5589532570393985,2.8096419071835044,False,True,500000.0,788.4982909356814,1.8001831431041602,-225.2289693743479,1633.0433130166264,TRAIL_STOP
2025-05-19 00:15:00+00:00,2025-05-19 00:35:00+00:00,BUY,3245.9999713525717,3243.368695787413,1.1752542957175345,4.254398404004405,False,False,381487.5410231104,-309.24179111694986,-0.6184835822338998,-279.70715557947125,452.47627065255483,SL
2025-05-20 10:50:00+00:00,2025-05-20 10:50:00+00:00,BUY,3238.526645325868,3236.102375748932,1.5439119536707993,2.1945518432294193,False,True,500000.0,-374.285877875161,-1.1046763759147846,-417.1102513186381,0.0,SL
2025-05-20 12:35:00+00:00,2025-05-20 12:35:00+00:00,BUY,3248.474312072906,3247.073103951575,1.4553695510347822,3.4355535310223786,False,False,472773.0601109567,-203.92756344476572,-0.4078551268895315,-496.18089808823436,374.8577782061013,SL
2025-05-20 16:10:00+00:00,2025-05-20 16:10:00+00:00,BUY,3281.7654321616023,3280.394184968332,1.523570195175908,1.1440753936499277,False,True,500000.0,-208.9191353885387,-1.1985636618717244,-165.37320903029465,63.92410534369613,SL
2025-05-22 00:10:00+00:00,2025-05-22 00:15:00+00:00,BUY,3324.8006752118504,3323.1554313400197,1.5038495502234608,2.7791794488584856,False,True,500000.0,-247.4199256660419,-0.5919890752309672,-424.93903964189064,233.7470633560016,SL
2025-05-22 15:10:00+00:00,2025-05-22 15:10:00+00:00,SELL,3285.0091135828975,3286.919525069191,1.5220657925501442,1.4436147591527515,False,True,500000.0,-290.77719729821683,-1.323352697927997,-734.531663420415,252.52800304837288,SL
2025-05-23 15:55:00+00:00,2025-05-23 15:55:00+00:00,BUY,3360.5276346402516,3361.609791759886,1.4878615930605956,0.9603274452879305,False,True,500000.0,161.01000159609595,1.126862639346775,-53.95501535437004,288.253151049594,TP
2025-05-23 17:30:00+00:00,2025-05-23 17:55:00+00:00,BUY,3366.0764187962727,3362.2388742501435,1.250064152754283,3.999794721721628,False,False,420781.14665687334,-479.71768717139,-0.95943537434278,-499.57798766140394,0.0,SL
2025-05-27 00:15:00+00:00,2025-05-27 00:15:00+00:00,BUY,3349.776343040885,3348.4017757934566,1.492636966759716,1.1832038585876035,False,True,500000.0,-205.1729886808676,-1.1617332359523904,-509.93599139570114,47.56391568900387,SL
2025-05-27 09:35:00+00:00,2025-05-27 09:50:00+00:00,SELL,3296.77864279108,3298.240394091948,1.5166320040726053,1.4035013873285607,False,True,499999.99999999994,-221.69388048910898,-1.0415032817675074,-297.4657114466148,312.9786701925537,SL
2025-05-29 01:05:00+00:00,2025-05-29 01:05:00+00:00,SELL,3254.946395519069,3256.3026761330307,1.5361236077138671,1.3706940995543846,False,True,500000.0,-208.34146697911396,-0.9894845351727813,-257.8543971172347,865.0519601215938,SL
2025-05-30 03:45:00+00:00,2025-05-30 03:50:00+00:00,SELL,3293.589078594854,3295.308983264039,1.3910722896534204,3.5943495080659886,False,False,458162.0500738443,-239.25117261486068,-0.47850234522972135,-406.3212826954335,318.42738021400356,SL
2025-06-02 13:45:00+00:00,2025-06-02 13:45:00+00:00,BUY,3367.05533674046,3365.6042120743523,1.1230726964340003,4.452071549665561,False,False,378144.79160755995,-162.97184916274816,-0.3259436983254963,-230.26772117059963,395.2837707431059,SL
2025-06-02 16:05:00+00:00,2025-06-02 16:10:00+00:00,BUY,3378.5918911463746,3375.0810277390424,1.4026370408360873,3.5647140738701637,False,False,473893.8132390351,-492.4467060440113,-0.9848934120880226,-1050.8404027817028,118.25757075518104,SL
2025-06-05 01:10:00+00:00,2025-06-05 01:10:00+00:00,BUY,3382.3975971194163,3381.4541684732276,1.4782413528965954,0.6895395077431203,False,True,499999.99999999994,-139.46152383034607,-1.368201003125426,-451.9866502418517,15.8767379499154,SL
2025-06-06 19:20:00+00:00,2025-06-06 19:20:00+00:00,SELL,3315.7739292757806,3317.08913594818,1.5079435771702572,1.1174852086105602,False,True,500000.0,-198.32574542958392,-1.1769343005751984,-279.88499273605953,23.211666275195075,SL
2025-06-09 02:00:00+00:00,2025-06-09 02:00:00+00:00,SELL,3295.9231650547017,3298.4991207583644,1.4271304951706214,3.5035338512630005,False,False,470371.24585888383,-367.6224938905675,-0.735244987781135,-459.7978900841531,345.8172744396601,SL
2025-06-09 16:25:00+00:00,2025-06-09 16:30:00+00:00,BUY,3334.6397377081557,3332.142528184527,1.4927637361630677,3.349491871266764,False,False,497782.92736190587,-372.77438184743505,-0.7455487636948702,-401.51429105255136,140.3589451746585,SL
2025-06-09 18:30:00+00:00,2025-06-09 18:30:00+00:00,BUY,3336.6268292038835,3335.902582382521,1.4985193897733526,0.5684132815567864,False,True,500000.0,-108.52979047935925,-1.2741553458761992,-97.67787008401145,77.6488985194817,SL
2025-06-10 04:30:00+00:00,2025-06-10 04:35:00+00:00,SELL,3303.257358880682,3304.900781551835,1.5136574165369494,1.4104635056701227,False,True,500000.0,-248.75789146951286,-1.1651649720435817,-309.9427166661154,51.82140588619624,SL
2025-06-12 13:45:00+00:00,2025-06-12 13:45:00+00:00,BUY,3398.9965332365787,3392.8408911936776,0.8677244391178455,5.762197968151213,False,False,294939.23603662115,-534.140103908653,-1.0682802078173061,-732.492469300502,4.639441730137729,SL
2025-06-16 00:25:00+00:00,2025-06-16 00:30:00+00:00,BUY,3449.9315005789995,3446.9807696289067,1.4493041381142941,2.636512158990172,False,True,500000.0,-427.6506576431342,-1.119179723875397,-673.4192516894615,209.20696842216475,SL
2025-06-16 20:05:00+00:00,2025-06-16 20:05:00+00:00,SELL,3384.300406019172,3385.4077057588497,1.4774102178125836,0.9314735973830466,False,True,500000.0,-163.59359495810895,-1.188761273307865,-131.42952369799582,94.61423962735903,SL
2025-06-23 14:45:00+00:00,2025-06-23 15:00:00+00:00,BUY,3384.2546826136618,3386.533549953638,1.4774301785521937,1.753334886896937,False,True,500000.0,336.68673809980754,1.299733072675888,-169.1188638287714,638.2967287499567,TP
2025-06-24 13:35:00+00:00,2025-06-24 13:35:00+00:00,SELL,3308.468400983188,3305.357208435572,1.5112733126041444,0.7435793530535193,False,True,499999.99999999994,470.1862267585195,4.184076030137199,-167.23735618615711,1289.630117164219,TRAIL_STOP
2025-06-25 01:15:00+00:00,2025-06-25 01:15:00+00:00,BUY,3331.18852287198,3330.894228131011,1.5009657861360717,1.8139803115777795,False,True,500000.0,-44.172633723391705,-0.16223700945949418,-51.56160775971596,298.16342041004606,SL
2025-06-25 12:45:00+00:00,2025-06-25 12:50:00+00:00,SELL,3319.560417963809,3321.527803128983,1.5062235267484478,2.891222760009896,False,True,500000.0,-296.33218219612075,-0.6804682061811905,-310.97220358131614,201.89690727656048,SL
2025-06-26 12:50:00+00:00,2025-06-26 12:50:00+00:00,SELL,3331.1033808846387,3330.341291342951,1.5010041503641816,1.45900142258688,False,True,500000.0,114.3899565022226,0.5223363938442085,-100.8103079621395,747.2570369936367,TRAIL_STOP
2025-06-27 07:20:00+00:00,2025-06-27 07:20:00+00:00,SELL,3286.5224087732654,3288.191844973361,1.2241652887576002,4.08441576143241,False,False,402324.6653544248,-204.36658479526514,-0.4087331695905303,-261.67649813211,321.02617931647876,SL
2025-06-27 10:50:00+00:00,2025-06-27 10:50:00+00:00,SELL,3282.8407376726054,3283.472937577975,1.5230711446406588,2.344508875291922,False,True,500000.0,-96.28854335126299,-0.26965131675632686,-115.64105420672428,462.3644451844168,SL
2025-06-30 04:55:00+00:00,2025-06-30 05:30:00+00:00,BUY,3286.046039709016,3289.391195907485,1.5215854980664718,2.386833889341233,False,True,500000.0,508.9941160357424,1.4015035622743524,-215.46254859248245,568.1539829117644,TP
2025-06-30 18:15:00+00:00,2025-06-30 19:05:00+00:00,BUY,3297.7635174427687,3300.099121932965,1.5161790630388259,1.693866298152443,False,True,500000.0,354.1194627574869,1.378860003734456,-67.24518608182,475.54691848606865,TP
2025-07-01 02:50:00+00:00,2025-07-01 02:50:00+00:00,BUY,3319.3239208565706,3318.373066411415,1.5063308430319513,0.7423379879842287,False,True,500000.0,-143.2301377971805,-1.280891535320067,-338.00871955750296,0.0,SL
2025-07-01 06:45:00+00:00,2025-07-01 06:50:00+00:00,BUY,3332.3496409533673,3331.991349461774,1.500442792242391,1.9024600207130788,False,True,500000.0,-53.75958860828872,-0.1883306286031539,-116.2304435055968,342.15482952449736,SL
2025-07-01 12:20:00+00:00,2025-07-01 12:20:00+00:00,BUY,3352.853838742765,3354.4272757338395,1.4912669148366076,2.205613598063792,False,True,500000.0,234.64145273690642,0.713378350793394,-32.63469767698856,654.0937166052041,TRAIL_STOP
2025-07-02 00:40:00+00:00,2025-07-02 00:40:00+00:00,SELL,3336.6135315185693,3337.476369315361,1.4985253619481622,0.6308381100425322,False,True,499999.99999999994,-129.29843217397013,-1.367764222002116,-207.0165556155771,93.4377794550458,SL
2025-07-02 01:25:00+00:00,2025-07-02 01:25:00+00:00,SELL,3333.9994772340933,3335.542409093834,1.4997002951386276,3.095978084037597,False,True,500000.0,-231.39353654319902,-0.49836653162884925,-239.2805962930348,254.12080080756823,SL
2025-07-02 12:25:00+00:00,2025-07-02 12:25:00+00:00,BUY,3349.4673856233917,3347.2906820898233,1.4927746487280444,1.9200980912205523,False,True,500000.0,-324.9327852707577,-1.1336418402377944,-489.2398172704795,56.369316839582744,SL
2025-07-02 22:05:00+00:00,2025-07-02 22:15:00+00:00,BUY,3359.64143833158,3361.301492993558,1.488254056802869,1.140204963179258,False,True,500000.0,247.05830852031815,1.455926535654758,-106.62422534228145,534.813273139747,TRAIL_STOP
2025-07-03 12:35:00+00:00,2025-07-03 12:35:00+00:00,SELL,3327.9365158626897,3320.9900251376735,1.3010103780415698,3.8431668835160053,False,False,432967.9944600863,903.7456524215646,1.8074913048431291,-252.8493032200006,1616.0521048367452,TRAIL_STOP
2025-07-04 06:05:00+00:00,2025-07-04 06:05:00+00:00,BUY,3341.539625749113,3342.9486929383247,1.4963162374227688,0.8021407313740383,False,True,499999.99999999994,210.8410114837251,1.756633386261412,-30.6184830992419,517.7814179161974,TRAIL_STOP
2025-07-07 01:10:00+00:00,2025-07-07 01:10:00+00:00,SELL,3317.596129536799,3314.186936941761,1.5071153343484571,1.036279727229612,False,True,499999.99999999994,513.804643772882,3.2898381638247636,-104.57428151419425,1055.9045259340903,TRAIL_STOP
2025-07-07 04:25:00+00:00,2025-07-07 04:25:00+00:00,SELL,3307.900516578299,3308.5725158460427,1.5115327607167621,1.0541518557224663,False,True,500000.0,-101.57489083720635,-0.6374786176162464,-92.1254159014876,401.3900304725847,SL
2025-07-07 18:45:00+00:00,2025-07-07 18:45:00+00:00,BUY,3335.2915158505048,3333.2668954198125,1.4991193352179868,1.8018328606008254,False,True,500000.0,-303.51476341281443,-1.123644970054077,-332.28217683091077,0.0,SL
2025-07-08 11:40:00+00:00,2025-07-08 11:45:00+00:00,SELL,3321.232677741502,3322.8094179551867,1.5054651345295356,1.7937674284603418,False,True,499999.99999999994,-237.3727417913181,-0.8790103938046298,-361.6612402073465,180.3062082233411,SL
2025-07-09 16:30:00+00:00,2025-07-09 17:00:00+00:00,BUY,3311.7981041145763,3310.711160053325,1.5097538686878293,1.5251864061033302,False,True,500000.0,-164.10180015215855,-0.7126630927877388,-294.87064929319735,239.5822202223574,SL
2025-07-10 01:20:00+00:00,2025-07-10 01:25:00+00:00,BUY,3322.8684867887123,3322.1133960244715,1.5047240117625305,1.8182225629634559,False,True,500000.0,-113.62032040132162,-0.41529061382347,-245.04231738137645,237.22172838857205,SL
2025-07-10 06:15:00+00:00,2025-07-10 06:15:00+00:00,BUY,3325.1317586982027,3326.236567796358,1.503699811870767,0.8769326622518747,False,True,500000.0,166.13012330492793,1.259856253179452,-72.44204638543724,230.55346570650315,TP
2025-07-11 11:45:00+00:00,2025-07-11 11:55:00+00:00,BUY,3349.07713831015,3347.327664113027,1.492948592555518,2.7299045131567254,False,True,500000.0,-261.18750403072215,-0.6408554543543937,-314.5849174458667,187.04580965280633,SL
2025-07-11 14:35:00+00:00,2025-07-11 14:40:00+00:00,BUY,3357.1913646127764,3359.5729754169315,1.4893401826013297,1.7886568683074984,False,True,500000.0,354.702866994568,1.3315079299746826,-97.75501922456667,478.6196314421994,TP
2025-07-15 09:10:00+00:00,2025-07-15 09:10:00+00:00,BUY,3364.3234719032534,3362.872985530095,1.4861828958353454,1.267909968321419,False,True,500000.0,-215.568803843053,-1.1439979252461245,-192.97667333379073,59.67441895819094,SL
2025-07-15 10:05:00+00:00,2025-07-15 10:05:00+00:00,BUY,3365.083511914023,3363.2923768525857,1.4858472255733275,1.9287501944863834,False,True,500000.00000000006,-266.13530616636,-0.9286506187050247,-244.2007617647543,152.52044746333496,SL
2025-07-17 07:25:00+00:00,2025-07-17 07:45:00+00:00,SELL,3328.1755907101942,3329.235460430345,1.5023245810576533,2.662595085924295,False,True,500000.0,-159.22683333012432,-0.39805891844154606,-292.1133871711901,307.31412067078077,SL
2025-07-17 09:50:00+00:00,2025-07-17 09:55:00+00:00,SELL,3326.4376871184136,3325.054959554815,1.5031094733451447,1.06857051331599,False,True,500000.0,207.8390899900453,1.2939974913847114,-68.73913245952899,252.92629483631282,TP
2025-07-17 11:00:00+00:00,2025-07-17 11:00:00+00:00,SELL,3325.655854284362,3325.8203563766356,1.5034628413395876,1.482060028405158,False,True,500000.0,-24.732278305624213,-0.11099556638795458,-159.23862270262865,388.0218515450305,SL
2025-07-17 22:05:00+00:00,2025-07-17 22:05:00+00:00,BUY,3341.7808928431587,3340.5267752789764,1.4962082076380665,1.423749706340459,False,True,500000.0,-187.6420992872545,-0.880855362847293,-283.66504327359206,25.3019516036088,SL
2025-07-22 14:25:00+00:00,2025-07-22 14:30:00+00:00,BUY,3420.2005709203067,3422.2836857556013,1.298030595692122,3.851989326441071,False,False,443952.49844582216,270.3946790552429,0.5407893581104858,-85.74412651827052,914.3884474625002,TRAIL_STOP
2025-07-24 11:30:00+00:00,2025-07-24 11:30:00+00:00,SELL,3363.1520896785178,3363.9720307870866,1.4867005317258633,1.2011167511273015,False,True,500000.00000000006,-121.90068820932109,-0.6826489663051524,-120.1120704534501,264.20001699769097,SL
2025-07-25 07:40:00+00:00,2025-07-25 07:45:00+00:00,SELL,3353.5989221536624,3355.3086485527037,1.4909355936902042,2.237634773091031,False,True,499999.99999999994,-254.90919438024574,-0.7640775070184996,-290.8931407165362,122.09601873564763,SL
2025-07-25 12:40:00+00:00,2025-07-25 12:40:00+00:00,SELL,3338.2054771326184,3339.05496870427,1.497810735214177,2.304980215020805,False,True,500000.0,-127.23775954935346,-0.36854614461139834,-364.64544858883727,278.66426218566266,SL
2025-07-25 14:20:00+00:00,2025-07-25 14:20:00+00:00,SELL,3336.1383301947185,3337.722837911377,1.4987388127003018,1.305065910909434,False,True,500000.0,-237.47632139794715,-1.214120837433031,-500.07965423404187,121.89695303659704,SL
2025-07-25 16:40:00+00:00,2025-07-25 16:40:00+00:00,SELL,3327.513406483246,3328.3987341759926,1.5026235477393186,0.6334638518305837,False,True,500000.0,-133.03142385867827,-1.397597811127177,-455.5343805448606,0.0,SL
2025-07-29 08:05:00+00:00,2025-07-29 08:05:00+00:00,BUY,3322.456413686175,3322.1651640069317,1.5049106376244787,2.984687409675189,False,True,500000.0,-43.83047404979066,-0.09758130057410612,-92.764751350183,468.56691648375033,SL
2025-07-31 07:45:00+00:00,2025-07-31 07:45:00+00:00,BUY,3304.4848758685603,3306.7743901160266,1.513095138220533,1.8923932397697172,False,True,500000.0,346.425287672788,1.2098512081690243,-49.91335729345115,816.3336093377903,TRAIL_STOP
2025-07-31 20:00:00+00:00,2025-07-31 20:00:00+00:00,SELL,3290.8203875578292,3291.9981431634847,1.519377969975013,0.9718612855931497,False,True,500000.0,-178.94559212474246,-1.2118556661474673,-413.9716121354189,0.0,SL
2025-08-01 12:20:00+00:00,2025-08-01 12:20:00+00:00,BUY,3302.9849432750652,3301.43402407884,1.513782256313365,2.2038087763776275,False,True,500000.0,-234.7753960221335,-0.7037449042082141,-275.499783729064,169.55219962707355,SL
2025-08-01 14:15:00+00:00,2025-08-01 14:15:00+00:00,BUY,3349.5450798647926,3347.6547642174637,1.4927400231322845,1.4716771606449583,False,True,500000.0,-282.17498231210044,-1.2844635344483,-229.14751528800383,682.9166388457732,SL
2025-08-01 15:15:00+00:00,2025-08-01 15:15:00+00:00,BUY,3349.7847844708767,3348.750297223615,1.492633205326887,0.7984738884133549,False,True,500000.0,-154.41100157503922,-1.2955805597069388,-154.45536615872197,103.02386176015244,SL
2025-08-05 15:55:00+00:00,2025-08-05 16:10:00+00:00,BUY,3389.816688155973,3387.073285140154,1.4750060135906495,3.1054512754435564,False,True,500000.0,-404.65359460361026,-0.8834152503092793,-478.8884554313802,115.53896804561404,SL
2025-08-06 08:10:00+00:00,2025-08-06 08:15:00+00:00,SELL,3369.0421923863382,3369.4361390003614,1.4841013304313748,2.513959886895009,False,True,500000.0,-58.46566939907769,-0.1567036196865378,-268.2969684599268,365.41429963426754,SL
2025-08-07 19:35:00+00:00,2025-08-07 19:35:00+00:00,BUY,3397.0987414568526,3395.9268312589315,1.4718441766151724,1.8235705939073341,False,True,500000.0,-172.48692003260743,-0.6426459177596446,-302.2787403541585,246.7191375233035,SL
2025-08-07 22:05:00+00:00,2025-08-07 22:05:00+00:00,BUY,3400.741204442436,3405.2857838734053,1.4702677150111951,1.0302932911522475,False,True,500000.0,668.1748415658267,4.410957025534828,-1041.8617613682118,1277.485559061895,TRAIL_STOP
2025-08-11 09:05:00+00:00,2025-08-11 09:05:00+00:00,SELL,3359.514258244747,3358.5524284495013,1.4883103971740133,0.8205768603156685,False,True,500000.0,143.15012845758514,1.1721385792863348,-58.89865689387205,365.2698063007082,TP
2025-08-11 10:00:00+00:00,2025-08-11 10:00:00+00:00,SELL,3353.074430265097,3357.0640037113135,1.3506342620369043,3.7019644329616312,False,False,452877.72086759127,-538.8454587372762,-1.0776909174745526,-511.96733565999676,0.0,SL
2025-08-14 16:10:00+00:00,2025-08-14 16:10:00+00:00,SELL,3337.1880708783447,3337.3305012618953,1.4982673717528916,0.6955115547630157,False,True,500000.0,-21.33987964201407,-0.20478507161415718,-104.41861634009234,592.2757115250158,SL
2025-08-18 18:20:00+00:00,2025-08-18 18:25:00+00:00,SELL,3332.217368310425,3333.433969900075,1.5005023524426353,1.1102654810752028,False,True,500000.0,-182.55135472553556,-1.0957753892086,-159.44813499874215,3.3563702412892424,SL
2025-08-19 07:10:00+00:00,2025-08-19 07:10:00+00:00,BUY,3341.2881805975594,3339.6012626481433,1.496428841138089,1.5567925487434877,False,True,500000.0,-252.43526721397106,-1.083585575212057,-411.99388510499074,89.30977667632354,SL
2025-08-19 10:05:00+00:00,2025-08-19 10:05:00+00:00,BUY,3341.0893855466743,3340.8748963770845,1.496517878758246,0.7920964801637638,False,True,500000.0,-32.09868770911404,-0.2707866717769681,-43.30706444520368,244.77262721571785,SL
2025-08-19 20:50:00+00:00,2025-08-19 20:55:00+00:00,SELL,3315.5261580153933,3316.404885043837,1.5080562666991288,0.7556816767450982,False,True,500000.0,-132.51698019625624,-1.1628269620466098,-116.69972543212674,37.122013771181656,SL
2025-08-19 23:15:00+00:00,2025-08-19 23:25:00+00:00,SELL,3315.2387294004466,3316.2391928606366,1.5081870140025295,0.8916825906203485,False,True,500000.0,-150.88859986427096,-1.121995058234846,-131.40390039288687,29.218016598390747,SL
2025-08-20 01:30:00+00:00,2025-08-20 01:30:00+00:00,SELL,3311.8921072624803,3313.611815351041,1.509711016562331,1.5257474879167603,False,True,500000.0,-259.62622465715356,-1.127124968043589,-300.11435655779144,44.85461072674789,SL
2025-08-20 11:10:00+00:00,2025-08-20 11:10:00+00:00,BUY,3328.6495946837244,3327.394687974225,1.5021106481095619,1.5164883582160655,False,True,500000.0,-188.50087307235785,-0.8275083041032276,-180.94345010784122,81.9259133113321,SL
2025-08-21 06:20:00+00:00,2025-08-21 06:20:00+00:00,SELL,3337.4865022713384,3337.03638109081,1.4981333996698512,0.8284523018946857,False,True,500000.00000000006,67.43415744480974,0.5433278168202926,-57.45307560053128,326.0690747149424,TRAIL_STOP
2025-08-21 14:35:00+00:00,2025-08-21 14:40:00+00:00,BUY,3346.199532465114,3344.4970963118076,1.4942324722389004,1.4251817673857659,False,True,500000.0,-254.38353821837268,-1.1945396666343036,-534.8653644806654,304.89328491758033,SL
2025-08-22 04:00:00+00:00,2025-08-22 04:25:00+00:00,SELL,3331.8741357980625,3329.8087939085794,1.500656926466516,1.4927324113177747,False,True,500000.0,309.9369611974224,1.3835982081073783,-130.68683966490423,385.53914303958544,TP
2025-08-22 06:30:00+00:00,2025-08-22 06:50:00+00:00,SELL,3327.33719674742,3327.4826112488017,1.5027031239537916,1.308868304184216,False,True,500000.0,-21.851482549456144,-0.11109941383476184,-179.99426895338104,249.77882449735415,SL
2025-08-27 00:20:00+00:00,2025-08-27 00:20:00+00:00,BUY,3393.313896254841,3392.197360961077,1.4734858468349887,0.9468213516652213,False,True,500000.0,-164.5198952853255,-1.179246002216223,-266.53830299008456,0.0,SL
2025-08-27 16:20:00+00:00,2025-08-27 16:30:00+00:00,BUY,3389.89887254476,3391.6908405790714,1.4749702536838674,1.6363234399595967,False,True,500000.0,264.30995461619534,1.095118477527793,-63.257424614269894,636.6159607587762,TRAIL_STOP
2025-08-28 19:55:00+00:00,2025-08-28 20:00:00+00:00,BUY,3422.193063648007,3421.3587113104895,1.4610514097267422,1.5693366081532076,False,True,500000.0,-121.90316589386437,-0.5316592585572156,-359.8662615167228,144.1964748389767,SL
2025-08-29 17:00:00+00:00,2025-08-29 17:10:00+00:00,BUY,3449.5249152347137,3447.3380719390852,1.4494749633254318,2.8082199289942764,False,True,500000.0,-316.9774605729554,-0.7787293555785227,-341.339067347106,107.27343380208615,SL
2025-09-02 01:15:00+00:00,2025-09-02 01:15:00+00:00,BUY,3489.2707441575963,3491.063499984852,1.4329641826653765,2.3256273095162214,False,True,500000.00000000006,256.89548887222844,0.7708697863669267,-119.04266227938759,757.2149354204589,TRAIL_STOP
2025-09-02 18:00:00+00:00,2025-09-02 18:45:00+00:00,BUY,3529.636056819341,3528.8990130186853,1.4165766440253467,3.0621932061608277,False,True,500000.0,-104.4079033632334,-0.2406914753689275,-334.46179454949134,351.8695894807608,SL
2025-09-02 19:10:00+00:00,2025-09-02 19:35:00+00:00,BUY,3534.6923089812026,3539.394050469619,1.4145502813061372,3.3084886052565707,False,True,500000.0,665.0849745067937,1.4211146083278199,-37.104924314947645,752.214132653931,TP
2025-09-03 13:00:00+00:00,2025-09-03 13:00:00+00:00,BUY,3550.895639419486,3551.202896378619,1.4080954518892645,2.67342780920535,False,True,500000.0,43.264712671608194,0.11492996297664389,-213.41649732822916,584.973623892994,TRAIL_STOP
2025-09-03 15:20:00+00:00,2025-09-03 15:35:00+00:00,BUY,3564.082960298104,3562.8441263612444,1.4028854141997285,2.9371662601793105,False,True,500000.0,-173.79420606357698,-0.4217786216786499,-216.45964968992757,482.87872928865494,SL
2025-09-05 15:05:00+00:00,2025-09-05 15:05:00+00:00,BUY,3592.2390567717093,3590.4663549044,1.3918895488245773,1.3501922058949276,False,True,500000.0,-246.74052022898763,-1.3129255668710558,-953.3130539848592,0.0,SL
2025-09-05 17:35:00+00:00,2025-09-05 17:35:00+00:00,BUY,3596.6431583797566,3595.690265323854,1.3901851754046233,0.7013259748905512,False,True,500000.0,-132.46978000619114,-1.3587020729574233,-438.3474035240848,0.0,SL
2025-09-08 14:45:00+00:00,2025-09-08 15:00:00+00:00,BUY,3636.4948957555207,3641.0607231239906,1.374950369333929,3.2628108659364443,False,True,500000.0,627.7786026592587,1.399353979152401,-109.29422126354113,1112.3491818896848,TP
2025-09-09 22:25:00+00:00,2025-09-09 22:25:00+00:00,SELL,3625.4666013871465,3626.089077719631,1.379132826126971,2.4182903005780645,False,True,500000.00000000006,-85.84775436164163,-0.25740347729784263,-152.17332472894375,323.6275002848989,SL
2025-09-15 00:35:00+00:00,2025-09-15 00:35:00+00:00,SELL,3635.696844278671,3636.053259428194,1.3752521769982746,1.2312701479172574,False,True,499999.99999999994,-49.01607102965961,-0.2894694962968409,-177.8415220955111,302.8091137653709,SL
2025-09-15 11:20:00+00:00,2025-09-15 11:20:00+00:00,BUY,3645.1336440605314,3644.3486843508563,1.3716918193512933,0.5456582543824879,False,True,500000.0,-107.67228122817687,-1.4385555489552244,-150.01426111131343,73.57150544296233,SL
2025-09-15 12:45:00+00:00,2025-09-15 12:45:00+00:00,BUY,3645.154235803591,3645.6893785698653,1.3716840705638145,1.1889518754082928,False,True,500000.0,73.40468079761524,0.4500962379917222,-174.7848953927482,543.9775575826607,TRAIL_STOP
2025-09-16 08:15:00+00:00,2025-09-16 08:15:00+00:00,BUY,3696.3759931938403,3694.127313994706,1.35267624538373,2.8758570706445425,False,True,500000.0,-304.17349361572485,-0.7819161884252308,-307.86819279628884,139.1913063030733,SL
2025-09-17 10:10:00+00:00,2025-09-17 10:10:00+00:00,SELL,3663.8185092013746,3663.9424235277056,1.3646964191711235,1.4463067711408257,False,True,500000.0,-16.91054374279621,-0.08567637848593537,-212.41374193569106,401.6996466913145,SL
2025-09-17 18:10:00+00:00,2025-09-17 18:10:00+00:00,BUY,3705.6827284327446,3701.380126833996,1.2878973162351057,3.8822970876408363,False,False,477253.88407673157,-554.1309051856971,-1.1082618103713942,-2277.9977978827314,141.31731066495433,SL
2025-09-18 12:25:00+00:00,2025-09-18 12:30:00+00:00,BUY,3672.545453059379,3670.0388846180217,1.3614535378547317,2.249514246956096,False,True,499999.99999999994,-341.2576472360649,-1.1142709786118656,-1041.5736383882868,0.0,SL
2025-09-19 20:40:00+00:00,2025-09-21 22:00:00+00:00,BUY,3684.9545817005674,3687.150842700598,1.3568688267773854,1.5912157119078074,False,True,500000.0,298.00380864083354,1.3802408960613415,-167.51654236099344,398.97619281858965,TP
2025-09-22 00:15:00+00:00,2025-09-22 00:15:00+00:00,BUY,3690.815388535793,3689.869551393528,1.3547141955489632,0.7331592516561614,False,True,500000.00000000006,-128.1339003303502,-1.2900841667456946,-184.29376609007588,4.01150709121275,SL
2025-09-22 14:55:00+00:00,2025-09-22 14:55:00+00:00,BUY,3725.623665605983,3724.0053428297315,1.3420571825755612,1.3069777256491761,False,True,500000.00000000006,-217.18817055942387,-1.2382175644561157,-215.22109449591755,113.58291523507053,SL
2025-09-22 20:35:00+00:00,2025-09-22 20:50:00+00:00,BUY,3747.7956998322034,3746.9185084469705,1.3341175454744933,0.849696476275767,False,True,500000.0,-117.0276417778275,-1.032358506507682,-118.16276861665037,95.2960386593171,SL
2025-09-23 11:30:00+00:00,2025-09-23 11:30:00+00:00,BUY,3788.651142670543,3787.1387735521243,1.3197309046711547,1.2189960814025653,False,True,500000.0,-199.5920264847189,-1.2406677441312213,-623.0637887677346,0.0,SL
2025-09-25 09:50:00+00:00,2025-09-25 09:50:00+00:00,BUY,3759.217950546153,3757.743002350292,1.3300638765234618,1.1869614692159303,False,True,499999.99999999994,-196.17753150582857,-1.242625168646286,-214.53272560570474,274.26574901669164,SL
2025-09-25 13:40:00+00:00,2025-09-25 13:40:00+00:00,SELL,3731.274662638186,3731.3388586966726,1.1717602229465434,4.267084598098791,False,False,437215.92305677093,-7.522238780464914,-0.015044477560929827,-76.20394520700012,773.9080965407298,SL
2025-09-29 03:10:00+00:00,2025-09-29 03:15:00+00:00,BUY,3797.8916614080126,3793.8397539083107,1.102562680904571,4.534889568271865,False,False,418741.36119871336,-446.7481995648646,-0.8934963991297292,-409.78521660327556,176.2268482974598,SL
2025-09-30 03:15:00+00:00,2025-09-30 03:25:00+00:00,BUY,3853.866095245471,3857.374235300986,1.2973984763426312,2.5280001548990185,False,True,500000.0,455.1455562821733,1.3877135445251376,-165.56040271421116,721.8601551041085,TP
2025-09-30 05:05:00+00:00,2025-09-30 05:05:00+00:00,BUY,3869.6060144416188,3866.6294599480766,1.2921212085518987,2.706303274003858,False,True,500000.0,-384.60691895162716,-1.0998599167115777,-915.5989544120656,0.0,SL
2025-09-30 06:40:00+00:00,2025-09-30 06:45:00+00:00,BUY,3869.5329547095025,3867.986505547367,1.2921456047853623,1.2586212868095572,False,True,500000.0,-199.8237487877469,-1.2286850527179694,-762.7476983130595,237.3729997907828,SL
2025-09-30 23:05:00+00:00,2025-10-01 00:05:00+00:00,BUY,3861.2759362345246,3864.7541800125837,1.294908751037344,2.459660925022945,False,True,499999.99999999994,450.40083064499163,1.4141151500492488,-134.79174393575735,491.2966371908032,TP
2025-10-01 01:25:00+00:00,2025-10-01 01:45:00+00:00,BUY,3864.516797317038,3866.224262095452,1.2938228146585564,1.6719945610707327,False,True,500000.0,220.91568855383449,1.0212143138317733,-74.62735282172783,574.8717001368651,TRAIL_STOP
2025-10-02 07:15:00+00:00,2025-10-02 07:20:00+00:00,BUY,3873.673709887779,3871.3680132568466,1.290764368521078,2.577907643364597,False,True,500000.0,-297.61110558264926,-0.8944062200471125,-472.25323579008443,169.25665536492417,SL
2025-10-02 13:05:00+00:00,2025-10-02 13:05:00+00:00,BUY,3890.2688911383643,3888.1151826702107,1.2852582019174792,1.8617139056559608,False,True,500000.0,-276.80714732335207,-1.1568418013157282,-289.0405780802308,0.0,SL
2025-10-03 10:00:00+00:00,2025-10-03 10:15:00+00:00,BUY,3864.645442733705,3863.3434533021004,1.293779746186286,1.5492974078033512,False,True,500000.0,-168.44875563583642,-0.8403741109012789,-145.60750143598716,211.47570851145605,SL
2025-10-03 12:35:00+00:00,2025-10-03 12:40:00+00:00,BUY,3868.020503664494,3867.302474992199,1.2926508520994366,2.1605769543771203,False,True,500000.00000000006,-92.81603750734703,-0.3323319129364799,-186.2068289360423,398.7176816389645,SL
2025-10-06 13:45:00+00:00,2025-10-06 13:45:00+00:00,BUY,3945.3359303003917,3943.765714184497,1.2673192063569876,1.184536308229326,False,True,499999.99999999994,-198.99650418046346,-1.3255955980293308,-594.4906065368425,183.6433861663317,SL
2025-10-06 15:50:00+00:00,2025-10-06 15:55:00+00:00,BUY,3956.588812944785,3960.9671434763277,1.2637148403294989,3.170071840482251,False,True,500000.00000000006,553.2961268578399,1.381145523464464,-121.79847216263248,958.0458588989335,TP
2025-10-07 12:50:00+00:00,2025-10-07 12:55:00+00:00,BUY,3975.268528974569,3978.1541954346067,1.2577766667978434,2.139108465956724,False,True,499999.99999999994,362.9523941596368,1.349004272556572,-146.34595953562223,607.0622638762585,TP
2025-10-07 14:40:00+00:00,2025-10-07 14:40:00+00:00,BUY,3982.9480988705914,3980.4665400317085,1.2553515325539404,2.1100762824121375,False,True,500000.00000000006,-311.52286915143594,-1.1760517188724804,-461.1030296418905,223.69123136627488,SL
2025-10-08 08:25:00+00:00,2025-10-08 08:35:00+00:00,BUY,4039.7620748991562,4036.2959472625516,1.237696653242831,3.378572882284516,False,True,500000.00000000006,-429.0014575537993,-1.0259147152867925,-408.07785681764335,80.1934728866175,SL
2025-10-08 09:45:00+00:00,2025-10-08 09:45:00+00:00,BUY,4040.756281271337,4041.374765098912,1.2373921246313964,3.7869066980765638,False,True,500000.0,76.53070174536161,0.1633216439923078,-73.164678859421,588.8401078183648,TRAIL_STOP
2025-10-08 16:15:00+00:00,2025-10-08 16:50:00+00:00,BUY,4055.758499387918,4054.1185498005284,1.1077909026766222,4.513487146282841,False,False,449293.23690753244,-181.67212337586616,-0.36334424675173227,-399.74627942498006,397.86317050216775,SL
2025-10-09 12:55:00+00:00,2025-10-09 12:55:00+00:00,BUY,4050.461021941701,4049.253009976264,1.2205658185794974,4.096460775723699,False,False,494385.427287062,-147.44581134474163,-0.29489162268948327,-207.62092386935691,397.7797221460228,SL
2025-10-13 09:55:00+00:00,2025-10-13 10:00:00+00:00,BUY,4079.5252829670335,4075.397771966107,1.2256328011683522,3.81094230770168,False,True,500000.0,-505.8812869918687,-1.0830683509915684,-905.1645050306332,48.377814278369314,SL
2025-10-13 17:30:00+00:00,2025-10-13 17:30:00+00:00,BUY,4113.401836447179,4111.668750378774,1.215538913727571,1.4185653907643427,False,True,500000.0,-210.66335569855224,-1.22171743346374,-471.8523258272069,56.29933218734303,SL
2025-10-13 22:55:00+00:00,2025-10-13 22:55:00+00:00,BUY,4114.607931132153,4115.447235990945,1.2151826088140134,0.7465537752068485,False,True,500000.0,101.99086678974737,1.124238985409628,-55.646994782700126,153.97200523776138,TP
2025-10-14 02:35:00+00:00,2025-10-14 02:40:00+00:00,BUY,4146.354531609784,4149.086741871562,1.2058785523240811,2.080163805462689,False,True,500000.00000000006,329.47137551169544,1.3134591874939057,-188.06057199102682,437.790396665123,TP
2025-10-14 04:55:00+00:00,2025-10-14 05:00:00+00:00,BUY,4168.583000953495,4165.464559788667,1.1086092891258041,4.510155244994166,False,False,462132.9837348965,-345.71328429198877,-0.6914265685839776,-337.9042170308777,286.24281274696216,SL
2025-10-15 01:05:00+00:00,2025-10-15 01:05:00+00:00,BUY,4174.300168664181,4173.631769906485,0.8448026632415956,5.91854194778989,False,False,352645.9899657342,-56.46650506091198,-0.11293301012182395,-32.53915132973482,498.84172384922573,SL
2025-10-15 03:10:00+00:00,2025-10-15 03:10:00+00:00,BUY,4182.112207829818,4183.882157261635,1.1955681128399471,1.456364426172513,False,True,500000.0,211.6095102020331,1.2153204239334827,-51.67338994493707,345.8530075743236,TP
2025-10-16 00:15:00+00:00,2025-10-16 00:15:00+00:00,BUY,4215.47696908827,4217.124371599337,1.1861054008038876,1.3113508536644076,False,True,500000.00000000006,195.3993015673865,1.2562637271810515,-70.2137732706192,320.6079562942704,TP
2025-10-16 01:30:00+00:00,2025-10-16 01:35:00+00:00,BUY,4225.329615396763,4229.180137422092,1.1833396338549305,2.8269233320279454,False,True,499999.99999999994,455.6475323603348,1.3620893010094168,-149.64695205733977,549.1151017340742,TP
2025-10-16 04:25:00+00:00,2025-10-16 04:25:00+00:00,BUY,4239.137439456545,4237.794623506356,1.179485230523924,1.1062285874422741,False,True,500000.0,-158.3831580558927,-1.2138684223420215,-203.7489325618799,16.225062930806175,SL
2025-10-16 13:20:00+00:00,2025-10-16 13:20:00+00:00,BUY,4249.145222642777,4248.1020623860195,1.1767072524036315,3.904675498311917,False,True,499999.99999999994,-122.74942395461389,-0.2671567092345532,-278.3174637305631,666.5784599496301,SL
2025-10-16 17:20:00+00:00,2025-10-16 17:40:00+00:00,BUY,4293.368954697295,4289.8633542005555,0.5950221416430317,8.403048643187503,False,False,255464.95902876885,-208.59099153145957,-0.41718198306291915,-364.98388607257687,318.39904360447963,SL
2025-10-16 19:30:00+00:00,2025-10-16 19:30:00+00:00,BUY,4295.525907222586,4291.6193352844175,1.164001826084414,3.6240516742982436,False,True,499999.99999999994,-454.725686975859,-1.0779570186248086,-459.88632217807464,0.0,SL
2025-10-17 05:00:00+00:00,2025-10-17 05:00:00+00:00,BUY,4377.176245904881,4370.565985792733,0.8317856571392267,6.011164002510668,False,False,364087.24201142055,-549.8319551244537,-1.0996639102489074,-946.2598175769059,132.1502869041136,SL
2025-10-20 14:25:00+00:00,2025-10-20 14:25:00+00:00,BUY,4330.216339631393,4322.7812634066895,0.7376663376826217,6.778132259237282,False,False,319425.4828629337,-548.4605449067908,-1.0969210898135815,-659.5725259866172,164.76960637372594,SL
2025-10-20 18:30:00+00:00,2025-10-20 18:40:00+00:00,BUY,4358.205996336259,4358.294521705809,0.8649137770675289,5.780923061432077,False,False,376947.2409529547,7.65668117434806,0.015313362348696121,-279.4533244884785,570.324461480353,TRAIL_STOP
2025-10-21 11:55:00+00:00,2025-10-21 11:55:00+00:00,SELL,4252.63971114251,4254.181662340172,1.1757403259202281,1.0110660072678002,False,True,500000.00000000006,-181.2934203691673,-1.5250747098385353,-200.49768770933136,832.390188611572,SL
2025-10-29 12:15:00+00:00,2025-10-29 12:15:00+00:00,BUY,4028.829487030019,4024.132720960796,1.09069627494809,4.584227630407895,False,False,439422.9313904666,-512.2745256004143,-1.0245490512008286,-630.3664974752552,164.75108696189838,SL
2025-10-29 20:50:00+00:00,2025-10-29 22:00:00+00:00,SELL,3932.9446538256493,3923.830366067325,0.7666043048813782,6.522269661365499,False,False,301501.2302482945,698.705223145904,1.397410446291808,-63.27139302746005,871.2192546229442,TP
2025-10-30 18:35:00+00:00,2025-10-30 18:35:00+00:00,BUY,4015.8624386296115,4011.2797232096455,1.2015732279493927,4.161211221835401,False,False,482535.2793384902,-550.6468159942012,-1.1012936319884026,-756.08257958555,202.17206970407983,SL
2025-10-30 20:50:00+00:00,2025-10-30 22:00:00+00:00,BUY,4025.667706364919,4021.9998402950887,1.2420299847636653,3.501833663299294,False,True,500000.0,-455.5599638826523,-1.0474129905915066,-541.2401970024957,194.6625689699986,SL
2025-10-30 22:40:00+00:00,2025-10-30 22:40:00+00:00,BUY,4023.3749583167914,4022.1042940800144,1.2427377641411246,0.9885104443173987,False,True,500000.0,-157.91024325864188,-1.2854332941868956,-223.0662485335995,188.9013202791901,SL
2025-11-03 09:10:00+00:00,2025-11-03 09:10:00+00:00,BUY,4025.9699122039383,4022.7806565420037,1.2419367528911434,2.838156282712589,False,True,500000.0,-396.085382092271,-1.1237068520012619,-552.6509513209817,0.0,SL
2025-11-03 19:05:00+00:00,2025-11-03 19:05:00+00:00,SELL,3997.5693357676923,3998.577838289314,1.2507600444257962,0.6439488784621972,False,True,500000.0,-126.13946587471123,-1.5661220251366983,-646.1006424690039,265.70342991739705,SL
2025-11-04 20:05:00+00:00,2025-11-04 20:05:00+00:00,SELL,3931.133932277513,3934.8799679290255,1.271897647380138,3.3724221722309267,False,True,499999.99999999994,-476.4573932160944,-1.1107849077609633,-576.9413864588364,0.0,SL
2025-11-05 00:45:00+00:00,2025-11-05 00:45:00+00:00,SELL,3931.2613381695187,3933.80646534858,1.2718564272117583,2.196898440104178,False,True,500000.0,-323.7036360760297,-1.1585092567777013,-850.7017538543381,243.09477354776246,SL
2025-11-05 15:35:00+00:00,2025-11-05 15:35:00+00:00,BUY,3982.217401807057,3980.6632412725053,1.255581877004277,1.2254379481910291,False,True,499999.99999999994,-195.13758011382137,-1.2682490670749849,-510.06780860497315,0.0,SL
2025-11-06 07:00:00+00:00,2025-11-06 07:00:00+00:00,BUY,3991.7492324324166,3995.1472013435164,1.252583694230009,1.7538810807532172,False,True,499999.99999999994,425.62404515440136,1.9373998319432473,-70.67483446008966,891.3094427085367,TRAIL_STOP
2025-11-06 17:20:00+00:00,2025-11-06 17:20:00+00:00,SELL,3977.4451352946053,3973.8164043211937,1.2570883644959832,1.9321588132920624,False,True,500000.0,456.1635484561931,1.8780707612894898,-49.00943848794034,1277.8473302375494,TRAIL_STOP
2025-11-07 06:35:00+00:00,2025-11-07 06:50:00+00:00,BUY,4002.5090116910314,4004.5208673046986,1.2492164253460445,2.5792455116611563,False,True,500000.0,251.3243078017705,0.7800171036728736,-255.96590601625118,741.5334096225813,TRAIL_STOP
2025-11-07 08:15:00+00:00,2025-11-07 08:20:00+00:00,BUY,4010.0352137005707,4006.7368749493967,1.246871843647942,3.0894877119799276,False,True,500000.0,-411.26057196517945,-1.0676005404987492,-691.417083025268,0.0,SL
2025-11-07 09:05:00+00:00,2025-11-07 09:15:00+00:00,BUY,4010.8233519322284,4010.679157637282,1.2466268297733012,2.625390576803966,False,True,499999.99999999994,-17.97564767803942,-0.054922987924299414,-319.5543292866926,432.1616490665763,SL
2025-11-07 11:05:00+00:00,2025-11-07 11:05:00+00:00,BUY,4011.8800760542845,4010.6140066627436,1.2462984698479669,0.9915971399709633,False,True,500000.0,-157.79003453987647,-1.2767981476610246,-676.749547761305,0.0,SL
2025-11-10 03:00:00+00:00,2025-11-10 03:00:00+00:00,BUY,4048.5008014874393,4047.6076136418947,1.2350250735193076,0.6468312362262623,False,True,500000.00000000006,-110.31093846102922,-1.3808669024020026,-336.6433182423617,0.0,SL
2025-11-10 05:30:00+00:00,2025-11-10 05:30:00+00:00,BUY,4055.6397490392546,4056.5936459224017,1.2328511182938415,2.3597298243485056,False,True,499999.99999999994,117.60128391248888,0.4042398724228699,-103.52855421310362,615.223647752197,TRAIL_STOP
2025-11-10 09:40:00+00:00,2025-11-10 09:40:00+00:00,BUY,4085.984608953082,4081.446238886006,1.1582685976097038,4.316788014730264,False,False,473266.766286692,-525.6651533025863,-1.0513303066051727,-722.1351768731178,45.217769043310966,SL
2025-11-10 11:40:00+00:00,2025-11-10 11:40:00+00:00,BUY,4083.1622520909546,4082.369190298144,1.2245411010643872,0.5322939100506119,False,True,500000.00000000006,-97.11367609802379,-1.4898945447921248,-264.77665562362614,84.21755817971305,SL
2025-11-10 21:25:00+00:00,2025-11-10 21:25:00+00:00,BUY,4114.83899740656,4112.518051739125,1.2151143709757115,2.1039455377631384,False,True,500000.0,-282.021443475396,-1.1031396135388891,-320.66836736793203,0.0,SL
2025-11-11 00:30:00+00:00,2025-11-11 00:30:00+00:00,BUY,4125.3082909894,4124.803228634694,1.2120306283341595,2.0341107773956537,False,True,500000.00000000006,-61.2151043122052,-0.24829638597780399,-45.24401124336231,362.60429519105594,SL
2025-11-12 18:30:00+00:00,2025-11-12 19:05:00+00:00,BUY,4207.345313318124,4205.36879017309,1.1883978203958612,2.5565796805749414,False,True,500000.0,-234.8895797520084,-0.7731122796803493,-298.9192864871058,396.8876373547271,SL
2025-11-13 05:10:00+00:00,2025-11-13 05:10:00+00:00,BUY,4216.146361040446,4213.5074209446575,1.1859170844263853,2.253581849357033,False,True,500000.0,-312.95641443736355,-1.1709981141983483,-293.082927965071,204.4092889517631,SL
2025-11-13 10:15:00+00:00,2025-11-13 10:25:00+00:00,BUY,4238.006262308489,4235.0009484159555,1.179800049959446,3.3715084782506892,False,True,500000.0,-354.5669480554481,-0.8913855361539845,-373.55564297394585,263.5363840041121,SL
2025-11-18 04:15:00+00:00,2025-11-18 04:20:00+00:00,SELL,4010.7671000383148,4006.7783303792535,1.246644313989769,2.9458991953897566,False,True,500000.0,497.2577015283667,1.3540075184186868,-106.9496109206938,753.2349657322582,TP
2025-11-19 11:20:00+00:00,2025-11-19 11:20:00+00:00,BUY,4117.533943899797,4113.586014760607,1.2143190725622537,3.5828218957231,False,True,500000.00000000006,-479.40456508425876,-1.101904938088786,-576.6733152051991,0.0,SL
2025-11-20 14:50:00+00:00,2025-11-20 14:50:00+00:00,BUY,4103.618752042321,4100.090750821566,1.2184367754708112,2.923792888735079,False,True,500000.0,-429.86464312737576,-1.206652233934832,-391.5753675608547,454.62897300369906,SL
2025-11-21 06:20:00+00:00,2025-11-21 06:25:00+00:00,SELL,4042.663390880604,4038.850424274561,1.18517352453381,4.218791507316837,False,False,479125.7619473769,451.9027071413304,0.9038054142826607,-382.40917023275097,1436.8321899266366,TRAIL_STOP
2025-11-24 15:00:00+00:00,2025-11-24 15:00:00+00:00,BUY,4081.9442607514648,4083.300250110974,1.2249064858811978,1.1544757807560018,False,True,500000.00000000006,166.0960161248826,1.1745498538057964,-79.52837054971877,503.5271167297024,TP
2025-11-24 17:50:00+00:00,2025-11-24 17:55:00+00:00,BUY,4099.895939317578,4096.126198853838,1.2151478378053093,4.114725669125619,False,False,498197.9685888523,-458.07919736010433,-0.9161583947202085,-891.4250800026255,69.75685970141176,SL
2025-11-24 23:45:00+00:00,2025-11-24 23:45:00+00:00,BUY,4136.492405784835,4137.1496643678365,1.2087535790003048,0.8505214815095314,False,True,500000.00000000006,79.44636645320327,0.7727712906618492,-73.4203916324257,662.7105379787776,TRAIL_STOP
2025-11-28 03:05:00+00:00,2025-11-28 03:05:00+00:00,BUY,4191.676100286303,4189.773836501957,1.192840257781007,1.6381060123585485,False,True,500000.0,-226.9096822887186,-1.1612580443481046,-407.4861946119365,122.7312999716864,SL
2025-11-30 23:45:00+00:00,2025-11-30 23:55:00+00:00,BUY,4223.975631247072,4221.787647975382,1.1837189502260024,2.173256188502819,False,True,500000.0,-258.995726147637,-1.0067765058093976,-243.92082565867253,137.8285357892563,SL
2025-12-01 01:30:00+00:00,2025-12-01 01:35:00+00:00,BUY,4239.095051852595,4236.350407074616,0.8283509535936158,6.036088904477765,False,False,351145.8428576075,-227.35291191149526,-0.4547058238229905,-361.16531098150614,352.4590355394511,SL
2025-12-01 10:05:00+00:00,2025-12-01 10:15:00+00:00,BUY,4259.291823247657,4256.79037551122,1.0519033958794766,4.753288200785391,False,False,448036.3532915897,-263.1281368572693,-0.5262562737145385,-307.87353133494094,330.6318299639664,SL
2025-12-01 11:45:00+00:00,2025-12-01 11:45:00+00:00,BUY,4258.790415999259,4257.704297315551,1.1740422776420727,0.763735984412051,False,True,499999.99999999994,-127.51492532093926,-1.4221127534582312,-637.5537968313886,0.0,SL
2025-12-03 14:35:00+00:00,2025-12-03 14:35:00+00:00,BUY,4239.788606252739,4234.227411814086,0.9275179404761531,5.390731307507849,False,False,393247.99961257994,-515.81076123267,-1.03162152246534,-1034.9807490124372,164.76370699341962,SL
2025-12-04 17:50:00+00:00,2025-12-04 18:05:00+00:00,BUY,4216.566150812473,4214.943457379235,1.1857990177710294,1.5691670619389697,False,True,500000.00000000006,-192.41882792771852,-1.034111327338814,-774.4632218345232,138.6020218491479,SL
2025-12-05 14:50:00+00:00,2025-12-05 15:00:00+00:00,BUY,4243.025323025585,4240.427498896384,1.076013108829904,4.646783537272313,False,False,456555.08686727675,-279.5292817454357,-0.5590585634908714,-627.3504004242428,284.57070930914,SL
2025-12-08 14:45:00+00:00,2025-12-08 14:45:00+00:00,SELL,4197.863715459349,4201.187133885396,1.1106235834734564,4.501975353668058,False,False,466224.644259666,-369.1066881718348,-0.7382133763436696,-618.2046883171155,227.53517049799834,SL
2025-12-10 20:05:00+00:00,2025-12-10 20:10:00+00:00,BUY,4224.748582110804,4224.196451778516,0.5032598998774608,9.935224326868592,False,False,212614.65484405274,-27.786505574634713,-0.05557301114926942,-201.48423322344232,562.2126648406136,SL
2025-12-12 09:55:00+00:00,2025-12-12 10:00:00+00:00,BUY,4319.128688527348,4315.393570125187,1.0828466304850826,4.617459074292128,False,False,467695.39470032917,-404.45603762427334,-0.8089120752485468,-373.98149845830835,140.37065102210587,SL
2025-12-12 13:10:00+00:00,2025-12-12 13:10:00+00:00,BUY,4335.731149298039,4337.315613530225,1.1532080352374956,1.2941352587995425,False,True,500000.0,182.7216884103641,1.224342062711484,-70.47822812283081,266.2585181665263,TP
2025-12-15 08:30:00+00:00,2025-12-15 08:30:00+00:00,BUY,4346.08719131784,4343.80592649008,1.1504601219203514,2.0510176746383877,False,True,499999.99999999994,-262.450421187682,-1.1122599556153123,-268.3093107863464,0.0,SL
2025-12-16 05:20:00+00:00,2025-12-16 05:20:00+00:00,SELL,4283.764965333517,4285.027272626999,1.1671975564632129,0.9557279961345557,False,True,500000.00000000006,-147.3361988457977,-1.3207809110829507,-178.00167362411233,142.39405562502685,SL
2025-12-18 15:35:00+00:00,2025-12-18 15:45:00+00:00,BUY,4339.868956255752,4335.456713816537,1.152108519957197,4.063081370788495,False,True,500000.0,-508.33821063367105,-1.0859350420439842,-576.5100635745225,219.02086945599748,SL
2025-12-19 14:40:00+00:00,2025-12-19 14:40:00+00:00,BUY,4335.9641233344155,4333.1365153347315,1.1531460726559084,2.5565900227029488,False,True,500000.0,-326.064505984604,-1.106007601756391,-408.11261737258957,226.69429562450063,SL
2025-12-22 15:40:00+00:00,2025-12-22 15:45:00+00:00,BUY,4425.906362471441,4428.905317528341,1.1297121065182192,2.2686119002510168,False,True,500000.00000000006,338.7955834683774,1.3219339352702872,-64.54751011968499,650.5602533063395,TP
2025-12-26 15:30:00+00:00,2025-12-26 15:30:00+00:00,BUY,4533.628090332056,4533.962521235099,0.8772088379060842,5.699896973148498,False,False,397693.86286185624,29.33657438187058,0.05867314876374116,-158.60728190121168,618.5997484836299,TRAIL_STOP
2025-12-29 11:40:00+00:00,2025-12-29 11:40:00+00:00,SELL,4447.405527221823,4442.234363174945,1.124250974955137,4.398928341713145,False,True,500000.0,581.3686221354974,1.1755508717524605,-658.1896728714136,1493.6266931927555,TRAIL_STOP
2025-12-30 12:10:00+00:00,2025-12-30 12:10:00+00:00,BUY,4389.048289641775,4391.958047777798,1.139199131574852,2.004082477268639,False,True,499999.99999999994,331.4793941650149,1.4519153622802021,-106.88987450763908,961.6789109095845,TRAIL_STOP
2025-12-30 20:55:00+00:00,2025-12-30 20:55:00+00:00,SELL,4343.044086379244,4344.556802854836,1.1512662318305995,1.0641860358737176,False,True,500000.00000000006,-174.15393966831456,-1.4214774716060545,-549.8348077716196,585.8893299292417,SL
2026-01-02 07:40:00+00:00,2026-01-02 07:40:00+00:00,BUY,4380.198123411855,4377.818589521639,1.1415008771578956,2.0855916489526862,False,True,500000.00000000006,-271.6240022907931,-1.140939498588048,-510.60742982673514,0.0,SL
2026-01-02 10:40:00+00:00,2026-01-02 10:40:00+00:00,BUY,4395.059155848072,4393.649862029985,1.1376411153299253,1.1072728094932245,False,True,500000.0,-160.3270591035555,-1.2727611533525847,-205.24818712293947,196.3391265884952,SL
2026-01-02 13:05:00+00:00,2026-01-02 13:10:00+00:00,BUY,4397.952974911241,4396.712372154483,1.1368925562695245,2.722473136030203,False,True,500000.0,-141.0432039445227,-0.4556896229164076,-276.03466033991754,382.79457601828017,SL
2026-01-05 09:30:00+00:00,2026-01-05 09:40:00+00:00,BUY,4433.103930164883,4433.776004372553,1.1278779109999417,2.852533462541942,False,True,500000.00000000006,75.80176533832604,0.2356060731608883,-235.04188010379863,590.0008117926136,TRAIL_STOP
2026-01-05 16:50:00+00:00,2026-01-05 16:55:00+00:00,BUY,4451.080096977744,4448.302472226917,1.1233228544673841,2.312036532606726,False,True,500000.0,-312.01693637375257,-1.2013758051196122,-1139.6219295887124,374.61727823327243,SL
2026-01-06 03:15:00+00:00,2026-01-06 03:20:00+00:00,BUY,4463.1218319395175,4467.254189092969,1.1202920709487274,3.018470729870387,False,True,500000.0,462.94469533397074,1.3690234304934636,-131.8395490681,564.4219730265504,TP
2026-01-06 05:00:00+00:00,2026-01-06 05:30:00+00:00,BUY,4467.834699888887,4470.273091534205,1.1191103377491445,3.158697666633998,False,True,500000.0,272.8829297756526,0.7719610746781057,-115.2347790432677,719.6215329175982,TRAIL_STOP
2026-01-06 18:00:00+00:00,2026-01-06 18:00:00+00:00,BUY,4489.804497485382,4486.077975166632,1.113634235700099,3.444447193018277,False,True,500000.00000000006,-414.9982834260105,-1.081892713089957,-391.9432892181904,13.419572576682139,SL
2026-01-07 05:35:00+00:00,2026-01-07 05:35:00+00:00,SELL,4453.525279151938,4457.115330909005,1.122706100581992,4.174137809285639,False,True,500000.0,-403.0573009064398,-0.8600702518927037,-433.8945673166135,223.4498545741959,SL
2026-01-08 21:55:00+00:00,2026-01-08 23:05:00+00:00,BUY,4478.061538008588,4475.337314703735,1.1165545532506282,2.6822981803552466,False,True,500000.00000000006,-304.1743935105867,-1.0156302997204043,-296.0586836606517,186.85116062022473,SL
2026-01-11 23:05:00+00:00,2026-01-11 23:05:00+00:00,BUY,4521.727656542739,4524.426519091738,1.1057720366606383,4.345787397509412,False,True,500000.0,298.43267374731676,0.6210295861562869,-59.45255702890507,847.8333990512411,TRAIL_STOP
