stop_mode,atr_period,atr_init_mult,tp_r,trail_start_r,atr_trail_mult,chan_lookback,max_hold_bars,dynamic_risk,disable_tp,trades,winners,win_rate,initialBalance,finalEquity,netpnl,netpnl_pct,max_dd_pct,avgpnl,maxWinsStreak,maxLossesStreak,max_streak_loss_cash,max_streak_profit_cash,profit_factor,expectancy,n_exit_TP,skipped_min_sl,pct_notional_capped,avg_notional,p95_notional,max_notional,score
chandelier,5,4.0,2.5,0.0,0.0,100,,False,False,4573,2962,64.7715,100000.00,1097840.94,997840.94,997.84,-2.73,218.2027,17,10,-3489.93,10559.68,3.2571,218.2027,329,180.00,23.27,278656.43,500000.00,500000.00,1582.69
chandelier,5,4.0,1.5,0.0,0.0,100,,False,False,4573,3051,66.7177,100000.00,1095784.86,995784.86,995.78,-2.71,217.7531,18,10,-3489.93,8815.40,3.3624,217.7531,624,180.00,23.27,278656.43,500000.00,500000.00,1639.69
chandelier,15,4.0,3.0,0.0,0.0,100,,False,False,4571,2986,65.3249,100000.00,1094417.30,994417.30,994.42,-2.83,217.5492,16,13,-3691.77,7703.98,3.1954,217.5492,277,182.00,22.95,278915.06,500000.00,500000.00,1510.86
chandelier,5,4.0,1.0,0.0,0.0,100,,False,False,4573,3168,69.2762,100000.00,1093560.36,993560.36,993.56,-1.95,217.2666,18,9,-2822.80,7946.70,3.5097,217.2666,938,180.00,23.27,278656.43,500000.00,500000.00,2377.91
chandelier,10,4.0,2.5,0.0,0.0,100,,False,False,4573,2988,65.3400,100000.00,1092058.01,992058.01,992.06,-2.69,216.9381,19,10,-3475.78,10658.75,3.2033,216.9381,349,180.00,22.90,278138.27,500000.00,500000.00,1587.73
chandelier,10,2.0,2.5,0.0,0.0,20,,False,False,4380,1880,42.9224,100000.00,199915.32,99915.32,99.92,-10.00,22.8117,11,14,-4180.45,5612.41,1.1316,22.8117,653,373.00,54.32,415338.46,500000.00,500000.00,22.35
chandelier,15,2.0,1.0,0.0,0.0,20,,False,False,4383,2276,51.9279,100000.00,199889.66,99889.66,99.89,-8.13,22.7902,13,13,-4372.81,5362.05,1.1430,22.7902,1721,370.00,53.43,415640.76,500000.00,500000.00,29.34
chandelier,15,4.0,2.5,0.0,0.0,100,,False,False,4571,2997,65.5655,100000.00,1085456.29,985456.29,985.46,-2.80,215.5888,16,13,-3691.77,8265.74,3.1875,215.5888,359,182.00,22.95,278915.06,500000.00,500000.00,1513.39
chandelier,15,4.0,1.0,0.0,0.0,100,,False,False,4571,3210,70.2253,100000.00,1084073.85,984073.85,984.07,-2.09,215.2863,16,10,-3277.02,6969.64,3.4694,215.2863,1041,182.00,22.95,278915.06,500000.00,500000.00,2187.26
chandelier,10,4.0,2.0,0.0,0.0,100,,False,False,4573,3017,65.9742,100000.00,1083518.76,983518.76,983.52,-2.05,215.0708,19,10,-3362.47,9734.53,3.2154,215.0708,467,180.00,22.90,278138.27,500000.00,500000.00,2081.41
chandelier,15,4.0,2.0,0.0,0.0,100,,False,False,4571,3021,66.0906,100000.00,1081119.61,981119.61,981.12,-1.85,214.6400,16,13,-3691.77,7766.10,3.2111,214.6400,481,182.00,22.95,278915.06,500000.00,500000.00,2292.74
chandelier,20,2.0,1.0,0.0,0.0,20,,False,False,4388,2269,51.7092,100000.00,198031.67,98031.67,98.03,-7.01,22.3409,13,13,-4400.41,5644.84,1.1396,22.3409,1724,365.00,51.98,414415.65,500000.00,500000.00,33.32
chandelier,10,4.0,1.0,0.0,0.0,100,,False,False,4573,3195,69.8666,100000.00,1079910.21,979910.21,979.91,-1.93,214.2817,19,9,-3362.47,8103.73,3.4378,214.2817,992,180.00,22.90,278138.27,500000.00,500000.00,2344.68
chandelier,15,4.0,1.5,0.0,0.0,100,,False,False,4571,3077,67.3157,100000.00,1073664.20,973664.20,973.66,-1.90,213.0090,16,10,-3277.02,7266.57,3.2616,213.0090,673,182.00,22.95,278915.06,500000.00,500000.00,2261.00
chandelier,20,4.0,1.0,0.0,0.0,100,,False,False,4577,3208,70.0896,100000.00,1070398.33,970398.33,970.40,-2.28,212.0162,19,10,-3390.62,7714.47,3.4165,212.0162,1049,176.00,22.96,279932.57,500000.00,500000.00,1962.34
chandelier,10,4.0,1.5,0.0,0.0,100,,False,False,4573,3060,66.9145,100000.00,1070245.64,970245.64,970.25,-1.79,212.1683,19,10,-3362.47,8815.69,3.2347,212.1683,647,180.00,22.90,278138.27,500000.00,500000.00,2364.27
chandelier,20,4.0,3.0,0.0,0.0,100,,False,False,4577,2973,64.9552,100000.00,1069244.25,969244.25,969.24,-3.02,211.7641,16,13,-3899.65,7792.71,3.1154,211.7641,269,176.00,22.96,279932.57,500000.00,500000.00,1356.29
chandelier,20,4.0,2.5,0.0,0.0,100,,False,False,4577,2988,65.2829,100000.00,1063422.25,963422.25,963.42,-3.00,210.4921,16,13,-3899.65,8100.23,3.1148,210.4921,350,176.00,22.96,279932.57,500000.00,500000.00,1356.21
chandelier,20,4.0,2.0,0.0,0.0,100,,False,False,4577,3014,65.8510,100000.00,1057226.84,957226.84,957.23,-1.89,209.1385,19,10,-3390.62,9060.28,3.1307,209.1385,472,176.00,22.96,279932.57,500000.00,500000.00,2151.05
chandelier,20,4.0,1.5,0.0,0.0,100,,False,False,4577,3067,67.0090,100000.00,1050724.77,950724.77,950.72,-2.09,207.7179,19,10,-3390.62,8715.71,3.1766,207.7179,653,176.00,22.96,279932.57,500000.00,500000.00,1970.67
chandelier,20,2.0,1.5,0.0,0.0,20,,False,False,4388,2021,46.0574,100000.00,191622.87,91622.87,91.62,-11.89,20.8803,13,13,-4400.41,5050.16,1.1222,20.8803,1222,365.00,51.98,414415.65,500000.00,500000.00,17.57
chandelier,10,2.0,3.0,0.0,0.0,20,,False,False,4380,1853,42.3059,100000.00,189568.77,89568.77,89.57,-11.26,20.4495,11,14,-4180.45,6060.76,1.1174,20.4495,505,373.00,54.32,415338.46,500000.00,500000.00,17.64
chandelier,5,2.0,1.5,0.0,0.0,40,,False,False,4416,2987,67.6404,100000.00,966852.57,866852.57,866.85,-1.73,196.2981,17,8,-2817.24,6927.80,3.0670,196.2981,763,337.00,43.12,365915.22,500000.00,500000.00,2127.09
chandelier,5,2.0,1.0,0.0,0.0,40,,False,False,4416,3116,70.5616,100000.00,961428.36,861428.36,861.43,-1.72,195.0698,17,8,-2817.24,6792.38,3.1916,195.0698,1104,337.00,43.12,365915.22,500000.00,500000.00,2220.19
chandelier,5,3.0,3.0,0.0,0.0,60,,False,False,4491,2785,62.0129,100000.00,960394.34,860394.34,860.39,-2.71,191.5819,13,10,-2911.76,8923.22,2.7270,191.5819,336,262.00,32.26,323159.23,500000.00,500000.00,1214.17
chandelier,10,3.0,3.0,0.0,0.0,60,,False,False,4498,2825,62.8057,100000.00,960303.68,860303.68,860.30,-2.49,191.2636,15,10,-3160.79,8788.61,2.6965,191.2636,370,255.00,32.77,327578.97,500000.00,500000.00,1318.92
chandelier,5,3.0,2.5,0.0,0.0,60,,False,False,4491,2805,62.4582,100000.00,957527.71,857527.71,857.53,-2.33,190.9436,13,9,-2911.76,8681.51,2.7359,190.9436,426,262.00,32.26,323159.23,500000.00,500000.00,1415.16
chandelier,10,4.0,3.0,0.0,0.0,80,,False,False,4561,2775,60.8419,100000.00,956461.67,856461.67,856.46,-2.97,187.7794,16,13,-3875.80,9558.49,2.6851,187.7794,324,192.00,25.39,295281.25,500000.00,500000.00,1086.34
chandelier,5,4.0,3.0,0.0,0.0,80,,False,False,4568,2764,60.5079,100000.00,956275.34,856275.34,856.28,-3.10,187.4508,19,11,-3848.67,10723.17,2.7258,187.4508,292,185.00,25.96,295959.72,500000.00,500000.00,1046.43
chandelier,15,4.0,3.0,0.0,0.0,80,,False,False,4538,2775,61.1503,100000.00,955905.24,855905.24,855.91,-3.15,188.6085,12,14,-4084.35,6685.15,2.6852,188.6085,343,215.00,25.41,295452.03,500000.00,500000.00,1025.14
chandelier,5,3.0,2.0,0.0,0.0,60,,False,False,4491,2840,63.2376,100000.00,954881.38,854881.38,854.88,-2.35,190.3543,16,9,-2911.76,8102.87,2.7598,190.3543,556,262.00,32.26,323159.23,500000.00,500000.00,1411.14
chandelier,5,2.0,2.0,0.0,0.0,40,,False,False,4416,2909,65.8741,100000.00,953990.29,853990.29,853.99,-1.73,193.3855,17,8,-2817.24,7517.10,2.9745,193.3855,542,337.00,43.12,365915.22,500000.00,500000.00,2035.57
chandelier,10,2.0,1.0,0.0,0.0,40,,False,False,4392,3147,71.6530,100000.00,952290.93,852290.93,852.29,-1.63,194.0553,20,9,-3117.60,6963.13,3.1406,194.0553,1161,361.00,44.85,372752.52,500000.00,500000.00,2302.85
chandelier,15,3.0,1.5,0.0,0.0,60,,False,False,4505,2960,65.7048,100000.00,951647.56,851647.56,851.65,-2.74,189.0450,15,11,-3279.54,7214.05,2.7567,189.0450,860,248.00,33.19,330427.90,500000.00,500000.00,1226.11
chandelier,10,3.0,2.5,0.0,0.0,60,,False,False,4498,2846,63.2726,100000.00,951459.85,851459.85,851.46,-2.50,189.2974,15,10,-3160.79,8224.74,2.6939,189.2974,458,255.00,32.77,327578.97,500000.00,500000.00,1304.01
chandelier,5,4.0,2.5,0.0,0.0,80,,False,False,4568,2778,60.8144,100000.00,950074.36,850074.36,850.07,-3.10,186.0933,19,11,-3848.67,11157.18,2.7216,186.0933,381,185.00,25.96,295959.72,500000.00,500000.00,1041.01
chandelier,20,2.0,2.0,0.0,0.0,20,,False,False,4388,1921,43.7785,100000.00,185928.88,85928.88,85.93,-14.44,19.5827,13,14,-4400.41,5243.01,1.1118,19.5827,885,365.00,51.98,414415.65,500000.00,500000.00,13.31
chandelier,15,2.0,2.0,0.0,0.0,20,,False,False,4383,1921,43.8284,100000.00,185191.68,85191.68,85.19,-12.25,19.4368,13,14,-4372.81,5663.55,1.1118,19.4368,875,370.00,53.43,415640.76,500000.00,500000.00,15.57
chandelier,10,3.0,2.0,0.0,0.0,60,,False,False,4498,2882,64.0729,100000.00,949203.38,849203.38,849.20,-2.51,188.7958,15,10,-3160.79,8067.25,2.7172,188.7958,599,255.00,32.77,327578.97,500000.00,500000.00,1311.44
chandelier,10,3.0,1.5,0.0,0.0,60,,False,False,4498,2946,65.4958,100000.00,949141.31,849141.31,849.14,-2.50,188.7820,15,10,-3160.79,7542.44,2.7701,188.7820,815,255.00,32.77,327578.97,500000.00,500000.00,1338.10
chandelier,5,2.0,3.0,0.0,0.0,40,,False,False,4416,2865,64.8777,100000.00,947036.14,847036.14,847.04,-1.73,191.8107,17,9,-2817.24,8084.31,2.9260,191.8107,308,337.00,43.12,365915.22,500000.00,500000.00,1987.31
chandelier,5,2.0,2.5,0.0,0.0,40,,False,False,4416,2879,65.1947,100000.00,946356.28,846356.28,846.36,-1.73,191.6568,17,8,-2817.24,8411.54,2.9334,191.6568,394,337.00,43.12,365915.22,500000.00,500000.00,1992.53
chandelier,5,4.0,2.0,0.0,0.0,80,,False,False,4568,2809,61.4930,100000.00,945740.19,845740.19,845.74,-3.12,185.1445,19,11,-3848.67,10161.30,2.7339,185.1445,512,185.00,25.96,295959.72,500000.00,500000.00,1036.00
chandelier,10,2.0,1.5,0.0,0.0,40,,False,False,4392,2984,67.9417,100000.00,944920.63,844920.63,844.92,-1.64,192.3772,20,9,-3117.60,6609.33,2.9521,192.3772,804,361.00,44.85,372752.52,500000.00,500000.00,2142.76
chandelier,10,2.0,2.0,0.0,0.0,40,,False,False,4392,2921,66.5073,100000.00,944126.27,844126.27,844.13,-1.64,192.1963,16,9,-3117.60,6398.49,2.9099,192.1963,583,361.00,44.85,372752.52,500000.00,500000.00,2098.32
chandelier,20,3.0,3.0,0.0,0.0,60,,False,False,4504,2805,62.2780,100000.00,943816.68,843816.68,843.82,-2.69,187.3483,14,10,-3213.39,8773.09,2.6325,187.3483,372,249.00,33.30,331654.23,500000.00,500000.00,1179.59
chandelier,5,3.0,1.5,0.0,0.0,60,,False,False,4491,2896,64.4845,100000.00,941893.14,841893.14,841.89,-2.37,187.4623,18,8,-2758.99,9126.86,2.7802,187.4623,734,262.00,32.26,323159.23,500000.00,500000.00,1396.53
chandelier,15,3.0,3.0,0.0,0.0,60,,False,False,4505,2826,62.7303,100000.00,941452.77,841452.77,841.45,-2.74,186.7820,15,11,-3279.54,8754.32,2.6423,186.7820,361,248.00,33.19,330427.90,500000.00,500000.00,1158.28
chandelier,10,2.0,3.0,0.0,0.0,40,,False,False,4392,2878,65.5282,100000.00,937800.16,837800.16,837.80,-1.64,190.7560,16,9,-3117.60,6613.94,2.8626,190.7560,344,361.00,44.85,372752.52,500000.00,500000.00,2050.44
chandelier,15,3.0,2.0,0.0,0.0,60,,False,False,4505,2878,63.8846,100000.00,937102.19,837102.19,837.10,-2.77,185.8162,15,11,-3279.54,7725.46,2.6663,185.8162,614,248.00,33.19,330427.90,500000.00,500000.00,1155.66
chandelier,10,3.0,1.0,0.0,0.0,60,,False,False,4498,3092,68.7417,100000.00,936696.54,836696.54,836.70,-2.51,186.0152,18,10,-3010.63,8538.04,2.8704,186.0152,1158,255.00,32.77,327578.97,500000.00,500000.00,1370.19
chandelier,10,4.0,2.0,0.0,0.0,80,,False,False,4561,2821,61.8505,100000.00,935924.95,835924.95,835.92,-2.24,183.2767,16,13,-3875.80,8721.13,2.6825,183.2767,540,192.00,25.39,295281.25,500000.00,500000.00,1414.58
chandelier,15,4.0,2.5,0.0,0.0,80,,False,False,4538,2784,61.3486,100000.00,935549.00,835549.00,835.55,-3.15,184.1227,12,14,-4084.35,8022.98,2.6530,184.1227,421,215.00,25.41,295452.03,500000.00,500000.00,994.14
chandelier,15,3.0,2.5,0.0,0.0,60,,False,False,4505,2842,63.0855,100000.00,935307.32,835307.32,835.31,-2.76,185.4178,15,11,-3279.54,8172.97,2.6385,185.4178,456,248.00,33.19,330427.90,500000.00,500000.00,1143.17
chandelier,20,3.0,1.5,0.0,0.0,60,,False,False,4504,2933,65.1199,100000.00,934239.19,834239.19,834.24,-2.70,185.2218,14,10,-3213.39,7068.37,2.7001,185.2218,853,249.00,33.30,331654.23,500000.00,500000.00,1200.03
chandelier,10,4.0,2.5,0.0,0.0,80,,False,False,4561,2783,61.0173,100000.00,934130.51,834130.51,834.13,-3.01,182.8833,16,13,-3875.80,9645.33,2.6469,182.8833,397,192.00,25.39,295281.25,500000.00,500000.00,1037.23
chandelier,5,4.0,1.0,0.0,0.0,80,,False,False,4568,3003,65.7399,100000.00,934129.07,834129.07,834.13,-2.27,182.6027,19,9,-2910.29,8457.34,2.8805,182.6027,1053,185.00,25.96,295959.72,500000.00,500000.00,1484.57
chandelier,5,4.0,1.5,0.0,0.0,80,,False,False,4568,2865,62.7189,100000.00,933882.10,833882.10,833.88,-3.02,182.5486,19,11,-3848.67,9176.26,2.7595,182.5486,694,185.00,25.96,295959.72,500000.00,500000.00,1068.86
chandelier,5,3.0,1.0,0.0,0.0,60,,False,False,4491,3027,67.4015,100000.00,933273.07,833273.07,833.27,-2.36,185.5429,20,8,-2758.99,9787.46,2.8785,185.5429,1078,262.00,32.26,323159.23,500000.00,500000.00,1438.95
chandelier,10,2.0,2.5,0.0,0.0,40,,False,False,4392,2890,65.8015,100000.00,932496.44,832496.44,832.50,-1.64,189.5484,16,9,-3117.60,6398.21,2.8575,189.5484,432,361.00,44.85,372752.52,500000.00,500000.00,2038.68
chandelier,20,3.0,2.0,0.0,0.0,60,,False,False,4504,2857,63.4325,100000.00,931841.50,831841.50,831.84,-2.71,184.6895,14,10,-3213.39,7632.07,2.6403,184.6895,615,249.00,33.30,331654.23,500000.00,500000.00,1164.88
chandelier,15,2.0,1.0,0.0,0.0,40,,False,False,4397,3139,71.3896,100000.00,931652.91,831652.91,831.65,-1.62,189.1410,22,9,-3214.26,9078.72,3.0558,189.1410,1178,356.00,45.01,375817.56,500000.00,500000.00,2229.83
chandelier,20,3.0,2.5,0.0,0.0,60,,False,False,4504,2821,62.6332,100000.00,928980.93,828980.93,828.98,-2.72,184.0544,14,10,-3213.39,8179.43,2.6122,184.0544,455,249.00,33.30,331654.23,500000.00,500000.00,1144.08
chandelier,15,3.0,1.0,0.0,0.0,60,,False,False,4505,3093,68.6570,100000.00,928693.56,828693.56,828.69,-2.78,183.9497,18,11,-3279.54,8520.19,2.8328,183.9497,1199,248.00,33.19,330427.90,500000.00,500000.00,1215.98
chandelier,20,4.0,3.0,0.0,0.0,80,,False,False,4548,2755,60.5761,100000.00,925151.83,825151.83,825.15,-3.27,181.4318,14,14,-4215.28,7786.50,2.6050,181.4318,332,205.00,25.40,296409.89,500000.00,500000.00,932.42
chandelier,15,2.0,1.5,0.0,0.0,40,,False,False,4397,2985,67.8872,100000.00,922094.45,822094.45,822.09,-1.61,186.9671,22,9,-3214.26,10181.90,2.8812,186.9671,806,356.00,45.01,375817.56,500000.00,500000.00,2093.76
chandelier,15,4.0,2.0,0.0,0.0,80,,False,False,4538,2805,61.8114,100000.00,918145.57,818145.57,818.15,-2.06,180.2877,12,14,-4084.35,7652.63,2.6379,180.2877,545,215.00,25.41,295452.03,500000.00,500000.00,1487.75
chandelier,15,2.0,2.0,0.0,0.0,40,,False,False,4397,2921,66.4317,100000.00,917684.29,817684.29,817.68,-1.61,185.9641,20,9,-3214.26,9543.64,2.8270,185.9641,580,356.00,45.01,375817.56,500000.00,500000.00,2044.51
chandelier,10,4.0,1.0,0.0,0.0,80,,False,False,4561,3012,66.0381,100000.00,917663.11,817663.11,817.66,-1.98,179.2728,19,10,-3228.43,8307.44,2.8046,179.2728,1096,192.00,25.39,295281.25,500000.00,500000.00,1646.35
chandelier,20,2.0,1.0,0.0,0.0,40,,False,False,4376,3110,71.0695,100000.00,916570.86,816570.86,816.57,-1.65,186.6021,23,9,-3146.19,9092.50,3.0018,186.6021,1171,377.00,44.95,376495.94,500000.00,500000.00,2123.02
chandelier,15,2.0,2.5,0.0,0.0,40,,False,False,4397,2898,65.9086,100000.00,915510.03,815510.03,815.51,-1.62,185.4696,20,9,-3214.26,10248.41,2.8034,185.4696,440,356.00,45.01,375817.56,500000.00,500000.00,2002.59
chandelier,20,3.0,1.0,0.0,0.0,60,,False,False,4504,3075,68.2726,100000.00,913299.48,813299.48,813.30,-2.71,180.5727,18,10,-3213.39,8511.32,2.7738,180.5727,1215,249.00,33.30,331654.23,500000.00,500000.00,1206.97
chandelier,15,4.0,1.0,0.0,0.0,80,,False,False,4538,3004,66.1966,100000.00,911788.56,811788.56,811.79,-2.18,178.8869,16,11,-3411.51,7320.83,2.7875,178.8869,1138,215.00,25.41,295452.03,500000.00,500000.00,1482.05
chandelier,15,2.0,3.0,0.0,0.0,40,,False,False,4397,2883,65.5674,100000.00,910852.87,810852.87,810.85,-1.63,184.4105,20,9,-3214.26,9938.95,2.7850,184.4105,336,356.00,45.01,375817.56,500000.00,500000.00,1974.81
chandelier,20,2.0,2.5,0.0,0.0,20,,False,False,4388,1883,42.9125,100000.00,181875.33,81875.33,81.88,-15.49,18.6589,13,14,-4400.41,5486.70,1.1057,18.6589,665,365.00,51.98,414415.65,500000.00,500000.00,11.73
chandelier,20,4.0,2.5,0.0,0.0,80,,False,False,4548,2769,60.8839,100000.00,909767.82,809767.82,809.77,-3.28,178.0492,14,14,-4215.28,7287.36,2.5820,178.0492,414,205.00,25.40,296409.89,500000.00,500000.00,908.84
chandelier,15,4.0,1.5,0.0,0.0,80,,False,False,4538,2862,63.0674,100000.00,908247.22,808247.22,808.25,-2.16,178.1065,16,11,-3411.51,7867.45,2.6620,178.1065,754,215.00,25.41,295452.03,500000.00,500000.00,1424.36
chandelier,10,4.0,1.5,0.0,0.0,80,,False,False,4561,2864,62.7932,100000.00,907244.55,807244.55,807.24,-1.99,176.9885,16,13,-3875.80,7872.01,2.6558,176.9885,718,192.00,25.39,295281.25,500000.00,500000.00,1537.09
chandelier,20,2.0,1.5,0.0,0.0,40,,False,False,4376,2955,67.5274,100000.00,907065.67,807065.67,807.07,-1.65,184.4300,23,9,-3146.19,10210.97,2.8351,184.4300,799,377.00,44.95,376495.94,500000.00,500000.00,1985.07
chandelier,20,2.0,2.0,0.0,0.0,40,,False,False,4376,2899,66.2477,100000.00,905877.81,805877.81,805.88,-1.65,184.1585,21,9,-3146.19,9596.75,2.7886,184.1585,578,377.00,44.95,376495.94,500000.00,500000.00,1945.92
chandelier,20,2.0,2.5,0.0,0.0,40,,False,False,4376,2876,65.7221,100000.00,902853.89,802853.89,802.85,-1.64,183.4675,21,9,-3146.19,10310.62,2.7664,183.4675,425,377.00,44.95,376495.94,500000.00,500000.00,1938.72
chandelier,20,2.0,3.0,0.0,0.0,40,,False,False,4376,2864,65.4479,100000.00,902092.66,802092.66,802.09,-1.66,183.2936,21,9,-3146.19,10094.27,2.7587,183.2936,320,377.00,44.95,376495.94,500000.00,500000.00,1900.97
chandelier,20,4.0,2.0,0.0,0.0,80,,False,False,4548,2800,61.5655,100000.00,901472.58,801472.58,801.47,-2.51,176.2253,19,11,-3598.91,9724.51,2.5894,176.2253,546,205.00,25.40,296409.89,500000.00,500000.00,1181.71
chandelier,20,4.0,1.0,0.0,0.0,80,,False,False,4548,2995,65.8531,100000.00,893220.65,793220.65,793.22,-2.32,174.4109,19,11,-3598.91,7901.19,2.7286,174.4109,1149,205.00,25.40,296409.89,500000.00,500000.00,1342.04
chandelier,15,2.0,2.5,0.0,0.0,20,,False,False,4383,1872,42.7105,100000.00,179676.11,79676.11,79.68,-13.97,18.1784,13,14,-4372.81,5486.50,1.1033,18.1784,658,370.00,53.43,415640.76,500000.00,500000.00,12.63
chandelier,15,2.0,1.5,0.0,0.0,20,,False,False,4383,2007,45.7906,100000.00,178176.22,78176.22,78.18,-12.04,17.8362,13,13,-4372.81,4884.87,1.1044,17.8362,1173,370.00,53.43,415640.76,500000.00,500000.00,14.69
chandelier,20,4.0,1.5,0.0,0.0,80,,False,False,4548,2846,62.5770,100000.00,879526.51,779526.51,779.53,-2.31,171.3998,19,11,-3598.91,9141.88,2.5783,171.3998,735,205.00,25.40,296409.89,500000.00,500000.00,1254.91
chandelier,20,2.0,3.0,0.0,0.0,20,,False,False,4388,1854,42.2516,100000.00,173697.64,73697.64,73.70,-14.93,16.7953,13,14,-4400.41,5806.23,1.0945,16.7953,494,365.00,51.98,414415.65,500000.00,500000.00,10.87
chandelier,5,3.0,3.0,0.0,0.0,20,,False,False,4592,1636,35.6272,100000.00,107418.10,7418.10,7.42,-28.16,1.6154,10,18,-5054.35,5760.60,1.0081,1.6154,509,161.00,33.45,351163.99,500000.00,500000.00,0.54
chandelier,15,2.0,3.0,0.0,0.0,20,,False,False,4383,1853,42.2770,100000.00,169261.40,69261.40,69.26,-15.63,15.8023,13,14,-4372.81,5835.48,1.0894,15.8023,494,370.00,53.43,415640.76,500000.00,500000.00,9.74
chandelier,5,4.0,3.0,0.0,0.0,60,,False,False,4551,2484,54.5814,100000.00,748368.72,648368.72,648.37,-3.50,142.4673,14,13,-4024.36,7716.93,2.1227,142.4673,337,202.00,27.53,309204.82,500000.00,500000.00,590.04
chandelier,10,4.0,3.0,0.0,0.0,60,,False,False,4557,2479,54.3998,100000.00,743110.28,643110.28,643.11,-3.36,141.1258,14,16,-4472.43,7626.35,2.0853,141.1258,371,196.00,27.56,310020.24,500000.00,500000.00,604.12
chandelier,5,4.0,2.5,0.0,0.0,60,,False,False,4551,2499,54.9110,100000.00,742905.41,642905.41,642.91,-3.49,141.2668,14,13,-4024.36,7348.36,2.1199,141.2668,431,202.00,27.53,309204.82,500000.00,500000.00,587.03
chandelier,5,4.0,2.0,0.0,0.0,60,,False,False,4551,2523,55.4384,100000.00,730284.16,630284.16,630.28,-3.56,138.4936,14,13,-4024.36,7425.25,2.1060,138.4936,577,202.00,27.53,309204.82,500000.00,500000.00,564.28
chandelier,15,4.0,3.0,0.0,0.0,60,,False,False,4537,2461,54.2429,100000.00,727967.33,627967.33,627.97,-3.47,138.4103,12,13,-4079.94,6006.35,2.0513,138.4103,387,216.00,27.24,310552.35,500000.00,500000.00,564.68
chandelier,10,4.0,2.5,0.0,0.0,60,,False,False,4557,2495,54.7509,100000.00,725569.96,625569.96,625.57,-3.40,137.2767,14,16,-4472.43,7779.33,2.0624,137.2767,463,196.00,27.56,310020.24,500000.00,500000.00,577.62
chandelier,15,1.0,1.0,0.0,0.0,20,,False,False,4079,2777,68.0804,100000.00,725534.86,625534.86,625.53,-1.23,153.3550,22,8,-1917.56,7482.14,3.1290,153.3550,1255,674.00,69.62,439594.38,500000.00,500000.00,2200.99
chandelier,5,1.0,1.0,0.0,0.0,20,,False,False,4111,2779,67.5991,100000.00,724245.27,624245.27,624.25,-1.45,151.8475,22,8,-1794.87,8212.01,3.0100,151.8475,1213,642.00,67.40,435217.60,500000.00,500000.00,1808.94
chandelier,10,1.0,1.0,0.0,0.0,20,,False,False,4089,2784,68.0851,100000.00,722841.92,622841.92,622.84,-1.27,152.3213,22,8,-1775.39,7834.79,3.0928,152.3213,1224,664.00,69.43,439088.51,500000.00,500000.00,2106.08
chandelier,5,4.0,1.5,0.0,0.0,60,,False,False,4551,2594,56.9985,100000.00,720000.32,620000.32,620.00,-3.47,136.2339,14,13,-4024.36,7259.60,2.1218,136.2339,787,202.00,27.53,309204.82,500000.00,500000.00,577.68
chandelier,5,4.0,1.0,0.0,0.0,60,,False,False,4551,2750,60.4263,100000.00,715881.98,615881.98,615.88,-2.63,135.3289,14,9,-3190.55,6387.68,2.1916,135.3289,1171,202.00,27.53,309204.82,500000.00,500000.00,788.82
chandelier,20,1.0,1.0,0.0,0.0,20,,False,False,4074,2759,67.7221,100000.00,714460.36,614460.36,614.46,-1.21,150.8248,22,8,-2039.93,7323.18,3.0645,150.8248,1253,679.00,69.24,439406.84,500000.00,500000.00,2158.42
chandelier,15,1.0,1.5,0.0,0.0,20,,False,False,4079,2701,66.2172,100000.00,714394.50,614394.50,614.39,-1.30,150.6238,22,8,-1917.56,7265.01,3.0102,150.6238,813,674.00,69.62,439594.38,500000.00,500000.00,1968.96
chandelier,5,1.0,1.5,0.0,0.0,20,,False,False,4111,2694,65.5315,100000.00,714120.09,614120.09,614.12,-1.45,149.3846,20,8,-1794.87,7476.12,2.9112,149.3846,771,642.00,67.40,435217.60,500000.00,500000.00,1716.36
chandelier,10,4.0,2.0,0.0,0.0,60,,False,False,4557,2524,55.3873,100000.00,712517.31,612517.31,612.52,-3.42,134.4124,14,16,-4472.43,7109.82,2.0521,134.4124,616,196.00,27.56,310020.24,500000.00,500000.00,564.05
chandelier,10,1.0,1.5,0.0,0.0,20,,False,False,4089,2708,66.2265,100000.00,712132.98,612132.98,612.13,-1.27,149.7024,22,8,-1775.39,8084.79,2.9825,149.7024,785,664.00,69.43,439088.51,500000.00,500000.00,1990.74
chandelier,20,1.0,1.5,0.0,0.0,20,,False,False,4074,2694,66.1267,100000.00,708459.97,608459.97,608.46,-1.21,149.3520,22,9,-2039.93,7160.04,2.9770,149.3520,813,679.00,69.24,439406.84,500000.00,500000.00,2071.76
chandelier,5,1.0,2.0,0.0,0.0,20,,False,False,4111,2666,64.8504,100000.00,707897.00,607897.00,607.90,-1.46,147.8708,20,8,-1794.87,7549.22,2.8717,147.8708,527,642.00,67.40,435217.60,500000.00,500000.00,1666.27
chandelier,10,1.0,2.0,0.0,0.0,20,,False,False,4089,2681,65.5662,100000.00,706697.08,606697.08,606.70,-1.27,148.3730,22,8,-1775.39,7483.56,2.9444,148.3730,527,664.00,69.43,439088.51,500000.00,500000.00,1949.86
chandelier,5,1.0,2.5,0.0,0.0,20,,False,False,4111,2650,64.4612,100000.00,705426.87,605426.87,605.43,-1.47,147.2700,20,8,-1794.87,7622.32,2.8517,147.2700,364,642.00,67.40,435217.60,500000.00,500000.00,1643.60
chandelier,15,4.0,2.5,0.0,0.0,60,,False,False,4537,2473,54.5074,100000.00,705295.77,605295.77,605.30,-3.47,133.4132,12,13,-4079.94,6192.07,2.0181,133.4132,477,216.00,27.24,310552.35,500000.00,500000.00,540.92
chandelier,15,1.0,2.0,0.0,0.0,20,,False,False,4079,2665,65.3346,100000.00,704582.99,604582.99,604.58,-1.31,148.2184,22,8,-1917.56,7290.20,2.9461,148.2184,569,674.00,69.62,439594.38,500000.00,500000.00,1889.06
chandelier,20,1.0,2.0,0.0,0.0,20,,False,False,4074,2665,65.4148,100000.00,702920.74,602920.74,602.92,-1.21,147.9923,22,9,-2039.93,7160.04,2.9302,147.9923,570,679.00,69.24,439406.84,500000.00,500000.00,2026.64
chandelier,10,1.0,2.5,0.0,0.0,20,,False,False,4089,2665,65.1749,100000.00,702525.16,602525.16,602.53,-1.28,147.3527,22,8,-1775.39,7561.63,2.9162,147.3527,376,664.00,69.43,439088.51,500000.00,500000.00,1910.96
chandelier,20,4.0,3.0,0.0,0.0,60,,False,False,4541,2433,53.5785,100000.00,702113.23,602113.23,602.11,-3.55,132.5949,13,13,-4084.55,7125.76,1.9971,132.5949,387,212.00,27.31,311270.34,500000.00,500000.00,520.01
chandelier,15,1.0,2.5,0.0,0.0,20,,False,False,4079,2647,64.8934,100000.00,701854.96,601854.96,601.85,-1.31,147.5496,22,8,-1917.56,7376.56,2.9248,147.5496,386,674.00,69.62,439594.38,500000.00,500000.00,1867.45
chandelier,5,1.0,3.0,0.0,0.0,20,,False,False,4111,2641,64.2423,100000.00,700700.59,600700.59,600.70,-1.47,146.1203,20,8,-1794.87,7695.42,2.8313,146.1203,267,642.00,67.40,435217.60,500000.00,500000.00,1618.11
chandelier,10,1.0,3.0,0.0,0.0,20,,False,False,4089,2656,64.9548,100000.00,699441.35,599441.35,599.44,-1.28,146.5985,22,8,-1775.39,7639.69,2.9006,146.5985,276,664.00,69.43,439088.51,500000.00,500000.00,1892.60
chandelier,15,1.0,3.0,0.0,0.0,20,,False,False,4079,2641,64.7463,100000.00,697860.77,597860.77,597.86,-1.31,146.5704,22,8,-1917.56,7462.93,2.9081,146.5704,267,674.00,69.62,439594.38,500000.00,500000.00,1847.12
chandelier,20,1.0,2.5,0.0,0.0,20,,False,False,4074,2643,64.8748,100000.00,693975.06,593975.06,593.98,-1.22,145.7965,22,9,-2039.93,7227.27,2.8862,145.7965,374,679.00,69.24,439406.84,500000.00,500000.00,1957.25
chandelier,10,4.0,1.0,0.0,0.0,60,,False,False,4557,2750,60.3467,100000.00,693629.37,593629.37,593.63,-2.31,130.2676,14,11,-3251.74,6247.62,2.1238,130.2676,1240,196.00,27.56,310020.24,500000.00,500000.00,851.43
chandelier,20,1.0,3.0,0.0,0.0,20,,False,False,4074,2638,64.7521,100000.00,693472.70,593472.70,593.47,-1.22,145.6732,22,9,-2039.93,7323.39,2.8815,145.6732,267,679.00,69.24,439406.84,500000.00,500000.00,1952.26
chandelier,15,4.0,2.0,0.0,0.0,60,,False,False,4537,2496,55.0143,100000.00,685370.42,585370.42,585.37,-2.26,129.0215,12,13,-4079.94,5941.96,1.9949,129.0215,622,216.00,27.24,310552.35,500000.00,500000.00,802.04
chandelier,10,4.0,1.5,0.0,0.0,60,,False,False,4557,2576,56.5284,100000.00,682266.62,582266.62,582.27,-2.32,127.7741,14,16,-4472.43,7027.39,2.0246,127.7741,814,196.00,27.56,310020.24,500000.00,500000.00,789.49
chandelier,20,4.0,2.5,0.0,0.0,60,,False,False,4541,2450,53.9529,100000.00,679406.80,579406.80,579.41,-3.53,127.5945,13,13,-4084.55,6626.59,1.9632,127.5945,478,212.00,27.31,311270.34,500000.00,500000.00,500.16
chandelier,15,4.0,1.0,0.0,0.0,60,,False,False,4537,2726,60.0838,100000.00,676300.75,576300.75,576.30,-2.41,127.0224,14,9,-3098.83,6027.36,2.0802,127.0224,1285,216.00,27.24,310552.35,500000.00,500000.00,781.34
chandelier,20,4.0,2.0,0.0,0.0,60,,False,False,4541,2487,54.7677,100000.00,671701.15,571701.15,571.70,-2.53,125.8976,14,13,-3987.20,7109.06,1.9639,125.8976,643,212.00,27.31,311270.34,500000.00,500000.00,693.71
chandelier,15,4.0,1.5,0.0,0.0,60,,False,False,4537,2559,56.4029,100000.00,665845.32,565845.32,565.85,-2.41,124.7179,12,9,-3270.37,6659.10,1.9872,124.7179,838,216.00,27.24,310552.35,500000.00,500000.00,732.36
chandelier,20,4.0,1.0,0.0,0.0,60,,False,False,4541,2710,59.6785,100000.00,657799.54,557799.54,557.80,-2.41,122.8363,14,9,-3027.05,5903.26,2.0324,122.8363,1319,212.00,27.31,311270.34,500000.00,500000.00,745.54
chandelier,20,4.0,1.5,0.0,0.0,60,,False,False,4541,2541,55.9568,100000.00,644667.80,544667.80,544.67,-2.75,119.9445,14,13,-3987.20,6360.33,1.9399,119.9445,848,212.00,27.31,311270.34,500000.00,500000.00,609.20
chandelier,5,3.0,3.0,0.0,0.0,40,,False,False,4474,2336,52.2128,100000.00,620390.25,520390.25,520.39,-3.07,116.3143,13,13,-4585.47,8135.17,1.8182,116.3143,394,279.00,36.50,351686.44,500000.00,500000.00,492.08
chandelier,5,3.0,2.5,0.0,0.0,40,,False,False,4474,2356,52.6598,100000.00,608332.17,508332.17,508.33,-3.10,113.6192,13,13,-4585.47,7893.46,1.8038,113.6192,499,279.00,36.50,351686.44,500000.00,500000.00,476.31
chandelier,5,3.0,2.0,0.0,0.0,40,,False,False,4474,2395,53.5315,100000.00,599462.92,499462.92,499.46,-3.03,111.6368,13,11,-3824.82,7246.04,1.8003,111.6368,643,279.00,36.50,351686.44,500000.00,500000.00,480.40
chandelier,5,3.0,1.5,0.0,0.0,40,,False,False,4474,2478,55.3867,100000.00,594571.71,494571.71,494.57,-2.57,110.5435,14,11,-3824.82,6504.34,1.8173,110.5435,870,279.00,36.50,351686.44,500000.00,500000.00,570.46
chandelier,10,3.0,3.0,0.0,0.0,40,,False,False,4451,2329,52.3253,100000.00,592892.09,492892.09,492.89,-3.41,110.7374,12,13,-4689.08,7444.66,1.7579,110.7374,412,302.00,36.67,355180.87,500000.00,500000.00,413.56
chandelier,5,3.0,1.0,0.0,0.0,40,,False,False,4474,2646,59.1417,100000.00,592580.43,492580.43,492.58,-2.51,110.0984,14,11,-3824.82,6121.44,1.8697,110.0984,1285,279.00,36.50,351686.44,500000.00,500000.00,604.39
chandelier,10,3.0,2.5,0.0,0.0,40,,False,False,4451,2355,52.9095,100000.00,587219.63,487219.63,487.22,-3.62,109.4630,12,13,-4689.08,7750.87,1.7547,109.4630,517,302.00,36.67,355180.87,500000.00,500000.00,386.50
chandelier,20,3.0,3.0,0.0,0.0,40,,False,False,4473,2318,51.8220,100000.00,586099.89,486099.89,486.10,-3.31,108.6742,12,13,-4914.85,7299.44,1.7385,108.6742,436,280.00,36.55,356646.90,500000.00,500000.00,417.11
chandelier,10,3.0,2.0,0.0,0.0,40,,False,False,4451,2400,53.9205,100000.00,584728.69,484728.69,484.73,-3.14,108.9033,12,12,-4262.43,7411.84,1.7619,108.9033,689,302.00,36.67,355180.87,500000.00,500000.00,447.05
chandelier,10,3.0,1.5,0.0,0.0,40,,False,False,4451,2478,55.6729,100000.00,580512.85,480512.85,480.51,-3.15,107.9562,12,12,-4262.43,6783.28,1.7756,107.9562,939,302.00,36.67,355180.87,500000.00,500000.00,448.99
chandelier,10,3.0,1.0,0.0,0.0,40,,False,False,4451,2665,59.8742,100000.00,574424.89,474424.89,474.42,-2.79,106.5884,13,11,-3787.53,5485.55,1.8224,106.5884,1350,302.00,36.67,355180.87,500000.00,500000.00,520.46
chandelier,15,3.0,1.5,0.0,0.0,40,,False,False,4470,2483,55.5481,100000.00,573655.06,473655.06,473.66,-3.44,105.9631,12,12,-4291.70,6319.77,1.7547,105.9631,996,283.00,37.18,357265.45,500000.00,500000.00,402.20
chandelier,20,3.0,1.5,0.0,0.0,40,,False,False,4473,2473,55.2873,100000.00,573187.31,473187.31,473.19,-3.55,105.7875,12,11,-4097.06,6369.74,1.7569,105.7875,1018,280.00,36.55,356646.90,500000.00,500000.00,388.29
chandelier,15,3.0,3.0,0.0,0.0,40,,False,False,4470,2321,51.9239,100000.00,572456.56,472456.56,472.46,-3.30,105.6950,12,13,-4814.56,7337.46,1.7143,105.6950,419,283.00,37.18,357265.45,500000.00,500000.00,404.11
chandelier,20,3.0,2.5,0.0,0.0,40,,False,False,4473,2336,52.2245,100000.00,566555.70,466555.70,466.56,-3.36,104.3049,12,13,-4914.85,7427.89,1.7120,104.3049,541,280.00,36.55,356646.90,500000.00,500000.00,392.27
chandelier,20,3.0,2.0,0.0,0.0,40,,False,False,4473,2375,53.0964,100000.00,564847.22,464847.22,464.85,-3.37,103.9229,12,11,-4097.06,7173.52,1.7179,103.9229,719,280.00,36.55,356646.90,500000.00,500000.00,392.91
chandelier,15,3.0,2.5,0.0,0.0,40,,False,False,4470,2338,52.3043,100000.00,560391.51,460391.51,460.39,-3.33,102.9959,12,13,-4814.56,7395.30,1.6990,102.9959,528,283.00,37.18,357265.45,500000.00,500000.00,389.75
chandelier,15,3.0,1.0,0.0,0.0,40,,False,False,4470,2659,59.4855,100000.00,558375.11,458375.11,458.38,-3.65,102.5448,12,11,-3815.50,5313.16,1.7822,102.5448,1409,283.00,37.18,357265.45,500000.00,500000.00,379.25
chandelier,20,3.0,1.0,0.0,0.0,40,,False,False,4473,2654,59.3338,100000.00,555278.58,455278.58,455.28,-3.73,101.7837,14,11,-3923.22,5490.03,1.7811,101.7837,1449,280.00,36.55,356646.90,500000.00,500000.00,367.44
chandelier,15,3.0,2.0,0.0,0.0,40,,False,False,4470,2379,53.2215,100000.00,553722.75,453722.75,453.72,-3.36,101.5040,12,12,-4291.70,7140.15,1.6968,101.5040,701,283.00,37.18,357265.45,500000.00,500000.00,382.54
chandelier,5,4.0,2.5,0.0,0.0,40,,False,False,4559,2084,45.7118,100000.00,433758.23,333758.23,333.76,-4.82,73.2086,10,13,-4652.84,5528.03,1.4744,73.2086,513,194.00,29.37,323139.41,500000.00,500000.00,175.34
chandelier,5,4.0,3.0,0.0,0.0,40,,False,False,4559,2068,45.3608,100000.00,426343.48,326343.48,326.34,-4.40,71.5823,10,13,-4652.84,5589.03,1.4615,71.5823,373,194.00,29.37,323139.41,500000.00,500000.00,186.62
chandelier,5,4.0,2.0,0.0,0.0,40,,False,False,4559,2125,46.6111,100000.00,418103.17,318103.17,318.10,-4.68,69.7748,10,13,-4652.84,5373.35,1.4574,69.7748,672,194.00,29.37,323139.41,500000.00,500000.00,172.30
chandelier,10,4.0,3.0,0.0,0.0,40,,False,False,4550,2034,44.7033,100000.00,397546.59,297546.59,297.55,-5.15,65.3949,10,13,-4718.90,5647.08,1.4084,65.3949,401,203.00,28.42,320487.81,500000.00,500000.00,142.60
chandelier,5,4.0,1.5,0.0,0.0,40,,False,False,4559,2187,47.9710,100000.00,395053.36,295053.36,295.05,-4.28,64.7189,11,13,-4652.84,5562.50,1.4330,64.7189,927,194.00,29.37,323139.41,500000.00,500000.00,174.94
chandelier,5,4.0,1.0,0.0,0.0,40,,False,False,4559,2360,51.7657,100000.00,382669.97,282669.97,282.67,-4.68,62.0026,12,12,-4009.77,4875.07,1.4404,62.0026,1385,194.00,29.37,323139.41,500000.00,500000.00,157.85
chandelier,10,4.0,2.5,0.0,0.0,40,,False,False,4550,2045,44.9451,100000.00,381918.20,281918.20,281.92,-4.88,61.9600,10,13,-4718.90,5878.88,1.3882,61.9600,511,203.00,28.42,320487.81,500000.00,500000.00,141.76
chandelier,15,4.0,3.0,0.0,0.0,40,,False,False,4548,1996,43.8874,100000.00,372777.23,272777.23,272.78,-4.82,59.9774,9,12,-4041.91,5028.41,1.3694,59.9774,422,205.00,28.03,318783.55,500000.00,500000.00,137.18
chandelier,10,4.0,2.0,0.0,0.0,40,,False,False,4550,2076,45.6264,100000.00,362822.81,262822.81,262.82,-4.41,57.7633,10,13,-4718.90,5209.28,1.3653,57.7633,678,203.00,28.42,320487.81,500000.00,500000.00,145.92
chandelier,10,4.0,1.0,0.0,0.0,40,,False,False,4550,2341,51.4505,100000.00,351335.74,251335.74,251.34,-3.92,55.2386,12,11,-4027.78,4383.75,1.3829,55.2386,1431,203.00,28.42,320487.81,500000.00,500000.00,164.07
chandelier,15,4.0,2.5,0.0,0.0,40,,False,False,4548,2012,44.2392,100000.00,349329.40,249329.40,249.33,-5.13,54.8218,9,12,-4041.91,5348.04,1.3394,54.8218,529,205.00,28.03,318783.55,500000.00,500000.00,117.05
chandelier,20,4.0,3.0,0.0,0.0,40,,False,False,4548,1966,43.2278,100000.00,341128.86,241128.86,241.13,-6.09,53.0187,9,16,-5230.23,5342.61,1.3232,53.0187,420,205.00,26.93,317017.13,500000.00,500000.00,94.17
chandelier,10,4.0,1.5,0.0,0.0,40,,False,False,4550,2134,46.9011,100000.00,337249.24,237249.24,237.25,-4.79,52.1427,10,13,-4718.90,4539.62,1.3356,52.1427,932,203.00,28.42,320487.81,500000.00,500000.00,121.43
chandelier,15,4.0,1.0,0.0,0.0,40,,False,False,4548,2316,50.9235,100000.00,326879.79,226879.79,226.88,-4.02,49.8856,12,11,-3775.73,4575.18,1.3404,49.8856,1481,205.00,28.03,318783.55,500000.00,500000.00,142.09
chandelier,15,4.0,2.0,0.0,0.0,40,,False,False,4548,2033,44.7010,100000.00,326527.94,226527.94,226.53,-5.51,49.8083,9,12,-4041.91,4640.16,1.3105,49.8083,696,205.00,28.03,318783.55,500000.00,500000.00,98.54
chandelier,20,4.0,2.5,0.0,0.0,40,,False,False,4548,1978,43.4916,100000.00,314657.04,214657.04,214.66,-6.35,47.1981,9,16,-5230.23,4686.92,1.2884,47.1981,520,205.00,26.93,317017.13,500000.00,500000.00,79.76
chandelier,15,4.0,1.5,0.0,0.0,40,,False,False,4548,2098,46.1302,100000.00,305202.42,205202.42,205.20,-5.74,45.1193,9,12,-3829.26,4301.39,1.2861,45.1193,952,205.00,28.03,318783.55,500000.00,500000.00,85.89
chandelier,20,1.0,1.5,0.0,0.0,180,,False,False,4621,4376,94.6981,100000.00,2101034.41,2001034.41,2001.03,-1.00,433.0306,166,3,-842.33,80108.89,38.2227,433.0306,221,132.00,15.39,189763.29,500000.00,500000.00,11713.12
chandelier,20,4.0,1.0,0.0,0.0,40,,False,False,4548,2278,50.0880,100000.00,300653.12,200653.12,200.65,-4.38,44.1190,12,11,-3667.01,4458.05,1.2961,44.1190,1496,205.00,26.93,317017.13,500000.00,500000.00,113.38
chandelier,15,1.0,1.0,0.0,0.0,180,,False,False,4618,4387,94.9978,100000.00,2099606.94,1999606.94,1999.61,-1.22,433.0028,143,3,-850.23,68880.49,39.0765,433.0028,324,135.00,15.40,189285.90,500000.00,500000.00,9570.08
chandelier,20,1.0,1.0,0.0,0.0,180,,False,False,4621,4387,94.9362,100000.00,2099275.55,1999275.55,1999.28,-1.02,432.6500,166,2,-542.33,80108.89,39.3859,432.6500,327,132.00,15.39,189763.29,500000.00,500000.00,11436.21
chandelier,15,1.0,1.5,0.0,0.0,180,,False,False,4618,4372,94.6730,100000.00,2098563.58,1998563.58,1998.56,-1.01,432.7769,143,3,-850.23,68880.49,37.3509,432.7769,221,135.00,15.40,189285.90,500000.00,500000.00,11566.26
chandelier,20,1.0,2.0,0.0,0.0,180,,False,False,4621,4364,94.4384,100000.00,2096497.79,1996497.79,1996.50,-2.20,432.0489,166,7,-1888.15,80108.89,36.3411,432.0489,155,132.00,15.39,189763.29,500000.00,500000.00,5290.99
chandelier,10,1.0,1.5,0.0,0.0,180,,False,False,4607,4363,94.7037,100000.00,2095443.10,1995443.10,1995.44,-1.53,433.1329,162,5,-1285.82,77571.33,36.1911,433.1329,216,146.00,15.15,188223.65,500000.00,500000.00,7635.53
chandelier,10,1.0,1.0,0.0,0.0,180,,False,False,4607,4380,95.0727,100000.00,2095326.94,1995326.94,1995.33,-1.34,433.1076,162,3,-873.04,77415.03,37.6943,433.1076,311,146.00,15.15,188223.65,500000.00,500000.00,8689.04
chandelier,10,1.0,2.0,0.0,0.0,180,,False,False,4607,4356,94.5518,100000.00,2094317.02,1994317.02,1994.32,-1.54,432.8884,162,5,-1285.82,77214.50,35.6186,432.8884,145,146.00,15.15,188223.65,500000.00,500000.00,7581.26
chandelier,15,1.0,2.0,0.0,0.0,180,,False,False,4618,4358,94.3699,100000.00,2093781.92,1993781.92,1993.78,-1.81,431.7414,143,5,-1256.89,68880.49,35.5139,431.7414,153,135.00,15.40,189285.90,500000.00,500000.00,6421.84
chandelier,20,1.0,2.5,0.0,0.0,180,,False,False,4621,4357,94.2870,100000.00,2093238.68,1993238.68,1993.24,-3.80,431.3436,166,7,-1888.15,80108.89,35.5514,431.3436,103,132.00,15.39,189763.29,500000.00,500000.00,3054.63
chandelier,20,1.0,3.0,0.0,0.0,180,,False,False,4621,4354,94.2220,100000.00,2092371.04,1992371.04,1992.37,-4.25,431.1558,166,7,-2048.56,80108.89,35.1204,431.1558,80,132.00,15.39,189763.29,500000.00,500000.00,2729.32
chandelier,15,1.0,2.5,0.0,0.0,180,,False,False,4618,4352,94.2399,100000.00,2092077.52,1992077.52,1992.08,-3.83,431.3724,143,7,-1892.28,68880.49,34.8491,431.3724,109,135.00,15.40,189285.90,500000.00,500000.00,3032.83
chandelier,15,1.0,3.0,0.0,0.0,180,,False,False,4618,4349,94.1750,100000.00,2091059.53,1991059.53,1991.06,-4.24,431.1519,143,7,-2101.04,68880.49,34.4472,431.1519,83,135.00,15.40,189285.90,500000.00,500000.00,2734.34
chandelier,10,1.0,2.5,0.0,0.0,180,,False,False,4607,4347,94.3564,100000.00,2091039.35,1991039.35,1991.04,-3.75,432.1770,162,7,-1914.74,77214.50,34.4293,432.1770,104,146.00,15.15,188223.65,500000.00,500000.00,3098.74
chandelier,5,1.0,2.0,0.0,0.0,180,,False,False,4608,4345,94.2925,100000.00,2090205.59,1990205.59,1990.21,-1.89,431.9023,92,5,-1386.13,44797.40,33.7970,431.9023,155,145.00,15.23,187934.56,500000.00,500000.00,6140.87
chandelier,20,4.0,2.0,0.0,0.0,40,,False,False,4548,2005,44.0853,100000.00,299078.07,199078.07,199.08,-6.65,43.7727,10,13,-4010.84,5169.39,1.2694,43.7727,707,205.00,26.93,317017.13,500000.00,500000.00,70.52
chandelier,10,1.0,3.0,0.0,0.0,180,,False,False,4607,4344,94.2913,100000.00,2089296.07,1989296.07,1989.30,-4.11,431.7986,162,7,-2139.96,77214.50,33.9220,431.7986,79,146.00,15.15,188223.65,500000.00,500000.00,2824.25
chandelier,5,1.0,1.5,0.0,0.0,180,,False,False,4608,4349,94.3793,100000.00,2088441.21,1988441.21,1988.44,-2.22,431.5194,105,5,-1386.13,49056.85,33.9345,431.5194,201,145.00,15.23,187934.56,500000.00,500000.00,5232.09
chandelier,5,1.0,1.0,0.0,0.0,180,,False,False,4608,4365,94.7266,100000.00,2088407.96,1988407.96,1988.41,-1.67,431.5121,109,3,-940.95,50491.30,35.2725,431.5121,308,145.00,15.23,187934.56,500000.00,500000.00,6948.39
chandelier,5,1.0,2.5,0.0,0.0,180,,False,False,4608,4340,94.1840,100000.00,2088081.06,1988081.06,1988.08,-2.49,431.4412,92,7,-2024.50,44797.40,33.1875,431.4412,113,145.00,15.23,187934.56,500000.00,500000.00,4648.92
chandelier,5,1.0,3.0,0.0,0.0,180,,False,False,4608,4335,94.0755,100000.00,2083746.78,1983746.78,1983.75,-4.36,430.5006,92,7,-2024.50,44797.40,32.4931,430.5006,84,145.00,15.23,187934.56,500000.00,500000.00,2646.71
chandelier,20,1.0,1.5,0.0,0.0,160,,False,False,4611,4352,94.3830,100000.00,2077069.97,1977069.97,1977.07,-1.00,428.7725,166,3,-842.33,79419.84,35.6649,428.7725,234,142.00,16.59,199513.38,500000.00,500000.00,11554.11
chandelier,20,1.0,1.0,0.0,0.0,160,,False,False,4611,4364,94.6432,100000.00,2075552.92,1975552.92,1975.55,-1.02,428.4435,166,2,-542.33,79419.84,36.8323,428.4435,344,142.00,16.59,199513.38,500000.00,500000.00,11283.53
chandelier,15,1.0,1.0,0.0,0.0,160,,False,False,4608,4364,94.7049,100000.00,2075246.15,1975246.15,1975.25,-1.22,428.6558,143,3,-850.23,68204.74,36.2807,428.6558,342,145.00,16.62,199065.60,500000.00,500000.00,9439.28
chandelier,15,1.0,1.5,0.0,0.0,160,,False,False,4608,4349,94.3793,100000.00,2074746.50,1974746.50,1974.75,-1.01,428.5474,143,3,-850.23,68204.74,34.8996,428.5474,234,145.00,16.62,199065.60,500000.00,500000.00,11444.36
chandelier,20,1.0,2.0,0.0,0.0,160,,False,False,4611,4341,94.1444,100000.00,2073579.20,1973579.20,1973.58,-2.20,428.0154,166,7,-1888.15,79419.84,34.3317,428.0154,166,142.00,16.59,199513.38,500000.00,500000.00,5222.35
chandelier,10,1.0,1.0,0.0,0.0,160,,False,False,4595,4356,94.7987,100000.00,2071593.88,1971593.88,1971.59,-1.26,429.0738,161,3,-873.04,76287.50,35.3025,429.0738,329,158.00,16.30,197961.90,500000.00,500000.00,9152.71
chandelier,10,1.0,1.5,0.0,0.0,160,,False,False,4595,4338,94.4070,100000.00,2071261.32,1971261.32,1971.26,-1.53,429.0014,161,5,-1285.82,76443.79,33.8346,429.0014,226,158.00,16.30,197961.90,500000.00,500000.00,7531.50
chandelier,15,1.0,2.0,0.0,0.0,160,,False,False,4608,4336,94.0972,100000.00,2070791.07,1970791.07,1970.79,-1.81,427.6890,143,5,-1256.89,68204.74,33.5746,427.6890,161,145.00,16.62,199065.60,500000.00,500000.00,6338.89
chandelier,20,1.0,3.0,0.0,0.0,160,,False,False,4611,4332,93.9493,100000.00,2070380.45,1970380.45,1970.38,-2.96,427.3217,166,7,-1888.15,79419.84,33.4667,427.3217,84,142.00,16.59,199513.38,500000.00,500000.00,3874.12
chandelier,20,1.0,2.5,0.0,0.0,160,,False,False,4611,4334,93.9926,100000.00,2069944.87,1969944.87,1969.94,-3.10,427.2273,166,7,-1888.15,79419.84,33.6111,427.2273,109,142.00,16.59,199513.38,500000.00,500000.00,3693.80
chandelier,10,1.0,2.0,0.0,0.0,160,,False,False,4595,4331,94.2546,100000.00,2069715.52,1969715.52,1969.72,-1.54,428.6650,161,5,-1285.82,76086.97,33.4051,428.6650,151,158.00,16.30,197961.90,500000.00,500000.00,7476.30
